course,year,skill,self_rating,projects_completed,level
M.Sc Statistics,1,Data Warehousing,5,2,Advanced
B.Tech ECE,4,Communication,3,2,Intermediate
B.Tech Data Science,4,Docker,2,2,Intermediate
M.Sc Data Science,4,Data Warehousing,4,6,Advanced
B.Tech AI & ML,4,Power BI,2,1,Beginner
B.Tech Data Science,2,Git,3,3,Intermediate
B.Tech ECE,3,OOP,1,1,Beginner
B.Tech IT,4,Research,5,5,Advanced
B.Tech CSE,4,Communication,3,2,Intermediate
BCA,1,Database Administration,2,0,Beginner
B.Tech AI & ML,1,Apache Spark,5,2,Advanced
B.Tech EEE,4,Data Structures,5,5,Advanced
B.Tech CSE,3,Algorithms,3,1,Intermediate
MCA,4,Transformers,2,1,Intermediate
B.Tech Data Science,1,Excel,5,5,Advanced
B.Tech Civil,1,Algorithms,1,6,Intermediate
B.Com,1,Computer Vision,2,2,Beginner
B.Tech CSE,4,SQL,4,6,Advanced
MCA,4,Research,2,6,Intermediate
BCA,1,Deep Learning,1,6,Intermediate
BBA,2,Pandas,2,0,Beginner
M.Sc Data Science,1,Data Warehousing,3,6,Advanced
B.Com,4,Communication,4,4,Advanced
MCA,3,Deep Learning,5,1,Advanced
B.Sc Information Technology,4,Product Analytics,2,2,Beginner
MCA,4,MySQL,2,0,Beginner
M.Sc Computer Science,4,SIEM,1,4,Beginner
B.Tech Data Science,1,Power BI,5,3,Advanced
B.Sc Mathematics,4,Power BI,1,3,Beginner
B.Sc Mathematics,4,Tableau,5,4,Advanced
BBA,2,Testing,4,5,Advanced
B.Sc Information Technology,4,NumPy,4,1,Intermediate
B.Tech Mechanical,3,Scikit-learn,4,1,Advanced
B.Tech CSE,1,Deep Learning,5,2,Advanced
BBA,4,Tableau,2,2,Intermediate
M.Tech,1,SIEM,2,5,Intermediate
BBA,2,Research,4,4,Intermediate
MCA,4,Pandas,4,4,Advanced
M.Sc Statistics,3,Data Visualization,5,6,Advanced
B.Tech AI & ML,3,Statistics,5,0,Advanced
B.Tech IT,3,Algorithms,4,2,Advanced
MBA,3,ETL,1,6,Intermediate
B.Com,2,Research,1,2,Intermediate
B.Tech Data Science,2,Data Warehousing,3,4,Advanced
M.Sc Data Science,3,PyTorch,3,6,Advanced
B.Sc Mathematics,1,REST API,1,6,Intermediate
B.Tech CSE,3,SQL,5,0,Advanced
M.Tech,3,NLP,5,6,Advanced
BBA,1,PostgreSQL,5,4,Advanced
BCA,3,Computer Vision,5,2,Advanced
BBA,3,NumPy,2,6,Advanced
B.Sc Statistics,1,Excel,1,6,Intermediate
B.Sc Data Science,1,CI/CD,3,1,Intermediate
B.Com,3,Linux,1,3,Beginner
B.Sc Statistics,3,Incident Response,2,4,Intermediate
B.Com,2,Product Analytics,1,1,Beginner
B.Sc Information Technology,2,PyTorch,2,6,Intermediate
MBA,3,Kubernetes,5,5,Advanced
B.Sc Computer Science,2,Scikit-learn,2,1,Beginner
BBA,3,Statistics,5,1,Advanced
B.Sc Computer Science,2,Data Warehousing,2,4,Intermediate
BBA,2,Kubernetes,2,4,Advanced
B.Tech IT,1,SQL,4,6,Advanced
B.Sc Mathematics,4,Excel,5,1,Advanced
B.Tech EEE,4,FastAPI,1,3,Beginner
B.Tech IT,3,Apache Spark,2,1,Intermediate
M.Sc Data Science,4,Machine Learning,2,0,Beginner
B.Sc Mathematics,3,Tableau,3,1,Beginner
B.Sc Information Technology,4,Calculus,5,0,Advanced
B.Tech ECE,2,Algorithms,5,0,Intermediate
B.Tech ECE,1,Apache Spark,1,2,Beginner
B.Tech Civil,4,REST API,3,0,Intermediate
B.Tech ECE,1,Cryptography,3,6,Advanced
B.Tech CSE,3,REST API,5,6,Advanced
B.Com,3,Cybersecurity,5,4,Advanced
B.Com,4,Communication,3,2,Intermediate
M.Sc Computer Science,4,Excel,1,3,Beginner
MBA,3,MySQL,1,6,Intermediate
M.Sc Data Science,4,SQL,5,6,Advanced
B.Sc Computer Science,4,FastAPI,4,6,Advanced
M.Tech,1,Research,1,5,Beginner
B.Sc Data Science,2,PyTorch,3,6,Advanced
B.Sc Computer Science,2,Machine Learning,4,0,Intermediate
B.Tech AI & ML,2,PyTorch,5,6,Advanced
M.Sc Computer Science,4,CI/CD,2,1,Intermediate
BCA,2,SQL,5,1,Advanced
M.Tech,3,Database Security,3,0,Intermediate
MCA,1,Statistics,5,6,Advanced
BCA,1,Excel,4,3,Advanced
B.Sc Statistics,4,OOP,1,4,Intermediate
B.Tech IT,3,Transformers,5,3,Advanced
B.Tech IT,3,Excel,4,3,Advanced
M.Sc Data Science,1,OOP,2,6,Intermediate
B.Tech AI & ML,1,Computer Vision,5,3,Advanced
B.Tech ECE,4,Web Security,1,3,Beginner
B.Sc Statistics,3,Data Warehousing,2,4,Intermediate
B.Tech Civil,1,Transformers,3,5,Advanced
M.Sc Computer Science,2,A/B Testing,5,2,Advanced
M.Sc Computer Science,2,CI/CD,4,2,Advanced
B.Tech IT,3,Excel,3,3,Intermediate
B.Com,2,Deep Learning,1,4,Intermediate
B.Tech EEE,1,Transformers,1,2,Beginner
B.Tech AI & ML,1,Machine Learning,5,3,Advanced
B.Sc Statistics,3,PyTorch,1,1,Beginner
B.Sc Mathematics,1,Database Administration,1,4,Intermediate
M.Sc Data Science,2,SQL,3,4,Intermediate
M.Sc Computer Science,3,Power BI,3,1,Intermediate
B.Sc Data Science,2,PostgreSQL,2,3,Intermediate
M.Sc Data Science,1,Python,4,2,Intermediate
M.Tech,4,Git,2,4,Intermediate
MCA,2,Web Security,3,4,Intermediate
MCA,2,Business Analysis,1,2,Beginner
B.Sc Statistics,3,System Design,3,5,Advanced
B.Com,3,Linear Algebra,2,3,Intermediate
B.Sc Computer Science,2,Data Visualization,3,6,Advanced
B.Sc Mathematics,3,Testing,4,6,Advanced
BCA,4,Data Structures,1,3,Beginner
B.Sc Mathematics,3,SIEM,5,4,Advanced
B.Tech Civil,2,Computer Vision,2,6,Advanced
B.Sc Mathematics,4,SIEM,4,5,Advanced
B.Sc Computer Science,2,Machine Learning,3,4,Advanced
B.Sc Information Technology,4,Excel,2,4,Intermediate
B.Tech Data Science,2,REST API,4,6,Advanced
B.Sc Computer Science,1,FastAPI,4,1,Advanced
M.Sc Computer Science,1,Pandas,5,2,Advanced
B.Tech Mechanical,4,NLP,1,2,Beginner
B.Sc Data Science,3,Algorithms,2,5,Intermediate
M.Sc Data Science,1,Excel,3,0,Intermediate
B.Tech Mechanical,1,Excel,3,6,Advanced
B.Tech Mechanical,3,SIEM,5,3,Advanced
B.Tech IT,1,Networking,3,6,Advanced
B.Sc Statistics,3,A/B Testing,3,6,Advanced
B.Tech Data Science,4,Transformers,4,6,Advanced
M.Sc Statistics,3,Cryptography,1,4,Beginner
B.Sc Computer Science,3,A/B Testing,4,6,Advanced
B.Sc Data Science,4,REST API,1,5,Intermediate
B.Sc Information Technology,3,Product Analytics,3,5,Advanced
M.Sc Statistics,2,Business Analysis,1,5,Intermediate
M.Sc Data Science,3,Backup and Recovery,2,3,Intermediate
M.Sc Computer Science,1,NLP,5,2,Advanced
B.Sc Information Technology,1,Deep Learning,2,6,Advanced
B.Sc Statistics,1,Power BI,5,5,Advanced
MCA,3,Power BI,5,2,Advanced
BCA,1,Git,1,2,Beginner
B.Sc Information Technology,2,Tableau,2,4,Intermediate
B.Sc Mathematics,4,PostgreSQL,2,2,Beginner
B.Sc Statistics,2,Web Security,5,2,Advanced
B.Tech AI & ML,1,Scikit-learn,5,0,Advanced
B.Tech IT,4,Database Security,2,4,Intermediate
BCA,4,Scikit-learn,4,2,Advanced
B.Tech Data Science,2,Computer Vision,5,2,Advanced
B.Tech ECE,1,Incident Response,4,5,Advanced
B.Tech EEE,3,Product Analytics,1,0,Beginner
B.Tech IT,4,Tableau,5,2,Advanced
B.Sc Information Technology,2,Calculus,1,4,Beginner
BCA,3,Scikit-learn,1,0,Beginner
B.Tech ECE,4,Docker,1,1,Beginner
B.Sc Computer Science,3,CI/CD,4,4,Advanced
B.Tech AI & ML,3,OpenCV,2,3,Intermediate
M.Sc Statistics,4,Research,1,3,Beginner
M.Sc Statistics,3,Statistics,2,2,Beginner
B.Sc Mathematics,3,OOP,2,2,Beginner
B.Tech AI & ML,2,Tableau,2,4,Intermediate
B.Tech ECE,3,OOP,1,6,Intermediate
B.Tech Civil,3,Algorithms,2,3,Intermediate
B.Tech CSE,3,CI/CD,4,5,Advanced
B.Sc Computer Science,2,Computer Vision,4,6,Advanced
BBA,1,Docker,5,5,Advanced
B.Tech Data Science,4,SIEM,2,6,Intermediate
B.Sc Statistics,2,ETL,1,0,Beginner
B.Sc Mathematics,2,Power BI,3,3,Intermediate
M.Sc Statistics,2,Apache Spark,5,5,Advanced
MBA,4,OOP,2,6,Intermediate
B.Tech Mechanical,1,Machine Learning,5,4,Advanced
B.Tech EEE,4,REST API,2,2,Intermediate
M.Tech,2,Backup and Recovery,1,2,Intermediate
B.Tech EEE,1,Backup and Recovery,3,3,Intermediate
M.Sc Computer Science,3,Cybersecurity,2,5,Intermediate
B.Tech Data Science,3,Machine Learning,2,4,Intermediate
BCA,1,AWS,4,1,Advanced
B.Tech CSE,2,ETL,5,2,Advanced
B.Tech ECE,2,PostgreSQL,1,2,Beginner
MBA,1,NLP,3,2,Intermediate
M.Sc Statistics,2,Pandas,3,2,Intermediate
MCA,1,Data Structures,1,2,Beginner
B.Tech AI & ML,1,Calculus,2,0,Beginner
B.Sc Information Technology,1,Database Administration,2,1,Intermediate
B.Tech IT,4,Networking,4,1,Intermediate
B.Tech Data Science,4,Computer Vision,3,6,Advanced
B.Sc Mathematics,2,PyTorch,5,4,Advanced
B.Tech IT,4,Communication,1,3,Beginner
BCA,1,Scikit-learn,1,5,Intermediate
BCA,2,Backup and Recovery,2,2,Intermediate
M.Tech,3,NLP,2,2,Intermediate
B.Sc Mathematics,4,FastAPI,4,5,Advanced
BBA,3,Cryptography,2,1,Intermediate
B.Sc Information Technology,2,Power BI,2,4,Intermediate
B.Tech AI & ML,2,OOP,5,1,Advanced
B.Tech CSE,1,Transformers,4,0,Advanced
M.Sc Data Science,3,NLP,4,2,Advanced
B.Tech EEE,2,Data Warehousing,1,3,Beginner
B.Tech EEE,2,PostgreSQL,5,2,Advanced
B.Sc Computer Science,1,MySQL,3,5,Intermediate
B.Tech Civil,4,A/B Testing,3,2,Intermediate
B.Tech ECE,4,Data Warehousing,2,0,Beginner
B.Com,3,Computer Vision,4,2,Intermediate
M.Tech,3,Linux,1,3,Beginner
B.Com,1,Backup and Recovery,2,2,Intermediate
BCA,4,Data Structures,3,4,Intermediate
B.Tech ECE,1,Database Security,4,3,Advanced
B.Tech IT,1,CI/CD,2,4,Intermediate
M.Sc Data Science,3,Python,1,2,Beginner
B.Tech EEE,4,Scikit-learn,4,4,Advanced
B.Tech Civil,4,NLP,5,6,Advanced
B.Tech CSE,4,Incident Response,1,4,Beginner
B.Sc Information Technology,2,Data Warehousing,4,4,Advanced
B.Sc Mathematics,4,OOP,2,0,Beginner
BCA,2,Cryptography,3,1,Intermediate
MCA,1,Backup and Recovery,5,3,Advanced
B.Sc Computer Science,2,Database Administration,1,3,Beginner
B.Tech Civil,3,Database Administration,2,2,Intermediate
B.Tech ECE,1,Algorithms,1,3,Intermediate
M.Sc Data Science,2,Communication,4,0,Intermediate
M.Sc Computer Science,3,Deep Learning,1,3,Beginner
MCA,1,Tableau,2,5,Intermediate
B.Tech ECE,4,Python,5,5,Advanced
B.Tech IT,4,Communication,3,4,Intermediate
B.Com,4,Database Administration,4,5,Advanced
B.Tech ECE,2,Docker,3,5,Intermediate
B.Tech CSE,4,Docker,3,4,Advanced
M.Sc Computer Science,2,Calculus,3,4,Advanced
BCA,4,PyTorch,4,5,Advanced
B.Sc Data Science,1,Data Warehousing,3,5,Advanced
M.Sc Computer Science,4,Research,4,1,Intermediate
B.Sc Information Technology,4,Apache Spark,3,3,Intermediate
MBA,1,Communication,5,6,Advanced
B.Tech ECE,1,Algorithms,4,1,Advanced
BCA,4,A/B Testing,2,0,Beginner
B.Tech Civil,4,Networking,5,2,Advanced
BCA,1,Excel,5,4,Advanced
B.Tech Data Science,1,Data Warehousing,3,0,Intermediate
MCA,3,Database Security,2,2,Intermediate
M.Sc Data Science,3,A/B Testing,4,1,Advanced
B.Com,1,Database Security,4,5,Advanced
MBA,3,Excel,2,6,Intermediate
M.Sc Data Science,4,SIEM,2,4,Intermediate
M.Sc Statistics,4,Deep Learning,2,3,Beginner
B.Sc Computer Science,3,FastAPI,5,6,Advanced
B.Tech Data Science,1,Data Visualization,1,0,Beginner
M.Sc Statistics,4,Terraform,4,1,Advanced
M.Sc Computer Science,1,Linux,3,1,Intermediate
MCA,3,PyTorch,5,4,Advanced
B.Tech ECE,3,Transformers,3,5,Intermediate
M.Tech,2,Data Visualization,2,0,Beginner
MCA,4,Terraform,5,6,Advanced
B.Tech Civil,2,OOP,2,1,Intermediate
B.Sc Statistics,4,ETL,1,2,Beginner
B.Sc Statistics,2,MySQL,2,6,Intermediate
BBA,2,Power BI,4,5,Advanced
B.Tech Civil,4,Data Structures,3,5,Advanced
M.Sc Computer Science,4,Incident Response,5,4,Advanced
MCA,4,Git,3,5,Advanced
B.Tech ECE,4,Docker,4,3,Advanced
MCA,1,OOP,2,4,Intermediate
MCA,2,Data Warehousing,1,4,Beginner
B.Tech AI & ML,4,MySQL,1,3,Beginner
B.Com,2,Computer Vision,5,3,Advanced
M.Sc Computer Science,2,NLP,3,3,Intermediate
B.Tech ECE,3,SQL,2,1,Intermediate
B.Tech Civil,2,Backup and Recovery,1,5,Beginner
BBA,3,Cybersecurity,4,1,Advanced
B.Sc Statistics,3,Linear Algebra,4,6,Advanced
B.Sc Mathematics,4,Linux,4,2,Advanced
M.Tech,1,OpenCV,2,3,Intermediate
B.Sc Mathematics,3,Web Security,2,5,Intermediate
BCA,2,Git,5,3,Advanced
B.Tech AI & ML,1,Business Analysis,5,0,Advanced
M.Sc Computer Science,3,PostgreSQL,5,2,Advanced
B.Tech EEE,4,Data Structures,1,4,Beginner
B.Sc Information Technology,3,NumPy,4,5,Advanced
MCA,1,Data Visualization,4,4,Advanced
M.Sc Computer Science,1,Machine Learning,4,0,Intermediate
B.Sc Information Technology,2,Tableau,1,5,Intermediate
B.Sc Computer Science,2,Database Security,5,1,Advanced
B.Sc Computer Science,2,Tableau,1,2,Beginner
B.Tech CSE,4,MySQL,4,2,Advanced
B.Com,4,Product Analytics,3,5,Advanced
M.Sc Computer Science,4,Pandas,3,6,Advanced
B.Sc Data Science,1,Database Security,3,5,Advanced
B.Tech IT,2,Machine Learning,5,4,Advanced
B.Tech Mechanical,3,Incident Response,3,6,Advanced
B.Sc Computer Science,1,Deep Learning,5,0,Advanced
B.Com,2,Deep Learning,4,3,Advanced
B.Sc Statistics,3,Git,1,2,Beginner
B.Tech IT,3,FastAPI,3,5,Advanced
B.Sc Data Science,4,Research,3,3,Advanced
MCA,3,Excel,2,2,Beginner
B.Tech Mechanical,2,Research,3,2,Intermediate
M.Tech,1,Backup and Recovery,3,6,Advanced
B.Tech Civil,2,Apache Spark,1,1,Beginner
MBA,1,PyTorch,2,3,Intermediate
M.Sc Data Science,3,System Design,5,5,Advanced
B.Com,3,Transformers,3,3,Intermediate
B.Tech Civil,1,Pandas,3,4,Intermediate
B.Sc Computer Science,4,Database Administration,4,6,Advanced
B.Sc Information Technology,4,Cybersecurity,2,6,Advanced
B.Sc Data Science,4,Transformers,5,0,Advanced
MCA,3,Cybersecurity,3,1,Intermediate
MBA,3,FastAPI,1,4,Beginner
B.Tech Data Science,2,PyTorch,4,0,Advanced
B.Com,4,Deep Learning,1,1,Beginner
MBA,2,Research,4,6,Advanced
M.Sc Computer Science,4,Transformers,5,0,Advanced
B.Sc Information Technology,4,Algorithms,3,5,Intermediate
B.Tech CSE,3,SQL,1,3,Beginner
B.Sc Statistics,4,Incident Response,1,5,Intermediate
B.Sc Computer Science,3,FastAPI,3,2,Intermediate
B.Sc Information Technology,2,Transformers,4,0,Intermediate
B.Sc Mathematics,4,FastAPI,4,0,Intermediate
B.Sc Mathematics,3,NLP,2,1,Beginner
B.Sc Information Technology,3,PyTorch,5,2,Advanced
B.Sc Computer Science,3,NLP,1,4,Beginner
B.Tech Mechanical,1,Linear Algebra,2,1,Beginner
MBA,1,Data Warehousing,1,0,Beginner
B.Sc Computer Science,2,AWS,1,2,Beginner
B.Tech ECE,2,Cryptography,4,6,Advanced
B.Sc Computer Science,2,Git,3,6,Advanced
BBA,3,Database Administration,3,5,Intermediate
B.Sc Computer Science,3,CI/CD,1,6,Intermediate
B.Tech Mechanical,4,Database Security,1,5,Intermediate
B.Tech Mechanical,2,Docker,3,5,Intermediate
B.Tech Data Science,1,Scikit-learn,1,4,Beginner
B.Com,1,Cryptography,4,0,Intermediate
B.Tech AI & ML,2,NumPy,5,6,Advanced
M.Sc Statistics,1,OOP,2,3,Intermediate
B.Tech ECE,3,Cryptography,1,1,Beginner
M.Sc Statistics,1,NumPy,5,1,Advanced
B.Tech IT,3,NumPy,4,0,Advanced
B.Sc Computer Science,3,Computer Vision,5,5,Advanced
B.Tech AI & ML,4,Linear Algebra,5,0,Advanced
B.Tech EEE,3,SIEM,1,2,Beginner
MBA,2,Networking,2,4,Intermediate
B.Com,2,Testing,5,6,Advanced
B.Sc Computer Science,3,Research,4,6,Advanced
B.Tech Data Science,4,Incident Response,2,2,Intermediate
B.Sc Computer Science,2,Deep Learning,5,3,Advanced
B.Sc Statistics,4,Database Administration,5,2,Advanced
B.Tech Civil,3,Scikit-learn,2,0,Beginner
B.Tech AI & ML,1,A/B Testing,4,0,Intermediate
B.Tech Civil,4,Web Security,2,0,Beginner
M.Sc Computer Science,2,Networking,3,1,Intermediate
B.Tech AI & ML,4,Python,1,5,Intermediate
BBA,1,OpenCV,3,0,Intermediate
BCA,4,Computer Vision,2,1,Intermediate
B.Sc Statistics,4,PostgreSQL,1,0,Beginner
B.Sc Computer Science,1,OOP,2,3,Intermediate
B.Tech Mechanical,2,Python,2,2,Beginner
M.Sc Data Science,2,Excel,5,2,Advanced
B.Tech Mechanical,1,REST API,5,4,Advanced
B.Tech Mechanical,4,ETL,2,3,Intermediate
B.Tech ECE,2,Product Analytics,4,5,Advanced
B.Sc Information Technology,2,Incident Response,4,0,Advanced
B.Tech AI & ML,3,NumPy,4,0,Intermediate
M.Sc Computer Science,3,Docker,1,6,Intermediate
MBA,4,Kubernetes,3,5,Advanced
B.Tech CSE,3,REST API,4,0,Intermediate
M.Sc Computer Science,1,Statistics,4,4,Advanced
B.Sc Computer Science,3,Incident Response,3,0,Intermediate
BBA,3,NLP,4,0,Intermediate
B.Tech Mechanical,1,Networking,4,1,Intermediate
B.Sc Computer Science,3,MySQL,2,4,Intermediate
B.Tech IT,4,Scikit-learn,2,4,Intermediate
B.Tech IT,1,Cybersecurity,3,4,Advanced
B.Com,3,OpenCV,4,2,Advanced
M.Sc Data Science,3,OOP,3,3,Intermediate
M.Tech,2,Computer Vision,3,5,Intermediate
MBA,1,Business Analysis,3,4,Intermediate
B.Tech ECE,2,Research,1,4,Beginner
M.Tech,2,System Design,2,4,Intermediate
B.Tech AI & ML,2,SQL,4,3,Advanced
B.Com,4,Database Security,5,4,Advanced
M.Sc Computer Science,3,Deep Learning,2,4,Intermediate
M.Sc Computer Science,2,MySQL,5,6,Advanced
B.Tech Mechanical,3,Testing,1,4,Intermediate
B.Tech CSE,4,Excel,5,2,Advanced
B.Tech CSE,2,Excel,3,5,Intermediate
M.Sc Statistics,3,CI/CD,4,3,Advanced
B.Sc Data Science,3,Cybersecurity,5,4,Advanced
B.Tech EEE,3,Cybersecurity,2,2,Beginner
B.Sc Data Science,4,Networking,2,6,Intermediate
B.Tech ECE,2,Scikit-learn,5,0,Advanced
BBA,1,Linux,4,2,Advanced
B.Tech IT,3,Deep Learning,1,4,Beginner
BCA,4,Scikit-learn,4,5,Advanced
B.Sc Information Technology,1,Product Analytics,4,4,Advanced
B.Tech CSE,1,OOP,4,4,Advanced
B.Tech EEE,1,Scikit-learn,3,3,Intermediate
M.Sc Computer Science,1,System Design,1,2,Beginner
B.Com,2,Linux,4,3,Advanced
B.Tech AI & ML,1,Git,2,5,Intermediate
B.Tech ECE,2,Testing,1,6,Intermediate
B.Sc Mathematics,1,Calculus,2,6,Advanced
B.Tech IT,1,Cryptography,3,5,Advanced
B.Com,3,AWS,3,4,Advanced
B.Tech Mechanical,4,Research,4,6,Advanced
BBA,1,Research,2,5,Intermediate
B.Com,4,REST API,3,0,Intermediate
B.Com,4,ETL,4,0,Intermediate
B.Tech Data Science,1,OOP,5,1,Advanced
B.Sc Computer Science,1,Web Security,1,0,Beginner
B.Tech EEE,4,Statistics,3,5,Advanced
B.Tech Data Science,4,Incident Response,4,3,Intermediate
B.Com,2,Backup and Recovery,2,3,Intermediate
B.Tech Civil,1,Database Administration,2,0,Beginner
B.Sc Data Science,1,Scikit-learn,1,5,Intermediate
B.Tech EEE,2,Backup and Recovery,2,6,Intermediate
B.Sc Data Science,3,Computer Vision,3,3,Intermediate
B.Tech Civil,1,ETL,4,5,Advanced
MCA,2,Statistics,4,6,Advanced
B.Tech Civil,2,Networking,3,2,Intermediate
BBA,1,CI/CD,5,6,Advanced
M.Tech,2,Database Security,3,4,Advanced
BBA,1,Calculus,4,6,Advanced
MCA,1,Data Structures,3,2,Intermediate
B.Sc Data Science,3,MySQL,2,6,Intermediate
B.Sc Data Science,3,A/B Testing,4,5,Advanced
M.Sc Data Science,3,FastAPI,3,5,Advanced
B.Tech Data Science,4,Power BI,2,4,Intermediate
M.Sc Data Science,1,PyTorch,5,0,Advanced
M.Sc Statistics,4,REST API,3,5,Advanced
M.Tech,3,PostgreSQL,2,2,Intermediate
B.Tech CSE,2,NLP,1,6,Intermediate
MBA,2,Communication,5,6,Advanced
B.Tech Mechanical,3,Data Warehousing,5,3,Advanced
B.Tech ECE,1,Excel,1,0,Beginner
M.Sc Data Science,3,Networking,2,3,Intermediate
B.Tech Civil,3,Linux,3,6,Advanced
B.Tech Civil,2,Pandas,4,0,Intermediate
B.Sc Information Technology,2,OpenCV,2,0,Beginner
B.Tech Data Science,3,FastAPI,1,1,Beginner
B.Tech CSE,4,Communication,3,1,Intermediate
B.Tech CSE,3,Tableau,3,2,Intermediate
B.Tech Civil,1,Computer Vision,3,5,Intermediate
B.Sc Computer Science,3,Data Structures,5,6,Advanced
B.Sc Computer Science,4,Transformers,4,0,Advanced
M.Sc Computer Science,3,Power BI,5,3,Advanced
B.Tech CSE,4,Cybersecurity,4,4,Advanced
M.Sc Statistics,1,SIEM,1,5,Beginner
B.Sc Statistics,2,Linux,5,0,Advanced
MBA,4,Data Warehousing,2,4,Intermediate
B.Sc Mathematics,2,FastAPI,1,5,Beginner
B.Sc Information Technology,3,System Design,1,0,Beginner
B.Sc Mathematics,1,Calculus,4,4,Advanced
B.Tech Data Science,1,Data Visualization,2,6,Intermediate
MCA,3,OpenCV,3,3,Advanced
MCA,1,Tableau,5,1,Advanced
B.Tech EEE,3,Data Structures,3,2,Intermediate
B.Tech IT,4,Linux,5,6,Advanced
MCA,2,Deep Learning,5,4,Advanced
B.Tech CSE,2,Data Visualization,4,3,Intermediate
BCA,1,Data Warehousing,2,1,Intermediate
MCA,2,SIEM,5,3,Advanced
B.Tech Data Science,3,Scikit-learn,3,1,Advanced
B.Sc Computer Science,3,Scikit-learn,5,2,Advanced
BCA,2,Computer Vision,2,1,Beginner
B.Tech ECE,1,Incident Response,4,0,Intermediate
M.Tech,4,System Design,5,5,Advanced
M.Tech,3,Data Visualization,4,1,Advanced
MCA,2,AWS,4,2,Advanced
B.Tech AI & ML,2,Pandas,2,0,Beginner
B.Tech Civil,1,Deep Learning,1,5,Intermediate
M.Sc Statistics,4,Statistics,4,6,Advanced
BBA,3,Testing,3,4,Intermediate
B.Tech Mechanical,3,Database Security,1,0,Beginner
M.Sc Data Science,2,Incident Response,3,5,Intermediate
B.Tech CSE,3,REST API,3,0,Beginner
B.Sc Mathematics,2,Machine Learning,1,6,Intermediate
B.Tech ECE,1,Kubernetes,3,6,Advanced
B.Tech EEE,1,Calculus,2,2,Intermediate
B.Sc Computer Science,4,NumPy,2,4,Intermediate
B.Tech CSE,1,Product Analytics,3,4,Advanced
B.Tech CSE,3,Apache Spark,4,0,Intermediate
B.Tech ECE,4,Computer Vision,3,4,Intermediate
B.Sc Statistics,4,Deep Learning,2,3,Intermediate
B.Tech Mechanical,2,Excel,5,3,Advanced
B.Tech AI & ML,4,Linux,3,1,Intermediate
M.Sc Statistics,2,Deep Learning,2,0,Beginner
MCA,1,Algorithms,2,2,Intermediate
M.Tech,1,Networking,5,6,Advanced
B.Sc Information Technology,4,Data Visualization,3,1,Intermediate
B.Tech Civil,1,Calculus,1,6,Intermediate
M.Sc Computer Science,2,Tableau,2,6,Intermediate
M.Sc Data Science,4,Database Security,1,0,Beginner
M.Tech,3,System Design,5,1,Advanced
MBA,4,Cybersecurity,2,5,Intermediate
MCA,4,System Design,2,1,Beginner
BBA,4,NLP,1,5,Intermediate
B.Tech AI & ML,1,NumPy,5,0,Advanced
B.Tech Civil,4,Transformers,2,6,Intermediate
B.Com,2,CI/CD,1,6,Beginner
B.Sc Data Science,1,Git,3,4,Advanced
BCA,3,Business Analysis,1,5,Intermediate
BBA,1,NLP,5,0,Advanced
B.Tech CSE,2,Python,4,3,Advanced
MBA,2,OOP,1,5,Intermediate
MBA,2,Communication,4,6,Advanced
M.Sc Data Science,4,Data Visualization,1,4,Beginner
M.Sc Statistics,4,Calculus,5,2,Advanced
B.Tech CSE,1,SIEM,1,2,Beginner
M.Sc Statistics,1,Algorithms,3,3,Intermediate
M.Sc Data Science,4,Algorithms,2,4,Intermediate
BBA,1,Networking,4,3,Advanced
B.Sc Data Science,1,Incident Response,3,6,Advanced
BBA,1,Database Security,2,1,Intermediate
MBA,2,Apache Spark,5,4,Advanced
B.Sc Data Science,3,Communication,5,4,Advanced
BBA,2,System Design,1,1,Beginner
B.Sc Computer Science,4,ETL,1,3,Beginner
M.Sc Computer Science,1,Communication,3,4,Intermediate
B.Tech Mechanical,3,Machine Learning,4,3,Intermediate
B.Tech CSE,1,Linux,3,0,Beginner
B.Tech Civil,3,Terraform,4,4,Advanced
B.Tech CSE,4,NLP,3,3,Intermediate
B.Tech AI & ML,2,Transformers,2,1,Intermediate
B.Sc Computer Science,4,PostgreSQL,1,6,Intermediate
BBA,3,Networking,1,0,Beginner
B.Sc Statistics,1,CI/CD,1,2,Beginner
B.Tech ECE,4,Excel,1,1,Beginner
MBA,1,OOP,3,2,Intermediate
B.Tech AI & ML,4,Networking,2,0,Intermediate
B.Sc Computer Science,4,Database Security,4,2,Advanced
M.Tech,4,Deep Learning,2,4,Intermediate
B.Tech AI & ML,4,NumPy,3,4,Intermediate
B.Tech ECE,2,Database Administration,4,0,Intermediate
BBA,1,MySQL,3,0,Intermediate
BCA,3,System Design,3,0,Intermediate
B.Tech AI & ML,4,Incident Response,2,2,Intermediate
MBA,1,SIEM,5,2,Advanced
B.Tech Mechanical,3,SQL,2,3,Intermediate
MCA,4,Kubernetes,3,6,Advanced
B.Sc Computer Science,1,Linear Algebra,1,4,Intermediate
MCA,4,Data Structures,2,4,Intermediate
B.Sc Mathematics,4,Power BI,1,2,Beginner
B.Tech Mechanical,4,Apache Spark,1,3,Beginner
B.Tech ECE,2,NLP,5,0,Advanced
MBA,4,Git,2,2,Intermediate
B.Tech CSE,1,Apache Spark,2,0,Beginner
M.Tech,1,REST API,3,6,Advanced
M.Sc Statistics,2,Product Analytics,1,6,Intermediate
B.Sc Statistics,2,Linux,5,1,Intermediate
B.Tech IT,4,Networking,1,5,Intermediate
MCA,2,Transformers,4,3,Advanced
B.Tech Mechanical,2,Linux,5,1,Advanced
B.Sc Computer Science,4,ETL,3,3,Intermediate
BCA,2,Deep Learning,3,3,Intermediate
M.Sc Data Science,3,PostgreSQL,3,0,Intermediate
B.Sc Mathematics,4,Apache Spark,5,6,Advanced
B.Com,1,MySQL,3,1,Intermediate
B.Sc Data Science,4,REST API,4,1,Advanced
M.Tech,4,AWS,3,1,Intermediate
M.Tech,4,Database Administration,3,4,Advanced
B.Tech Civil,1,PyTorch,2,3,Intermediate
M.Sc Statistics,4,PostgreSQL,4,2,Advanced
B.Tech CSE,2,Incident Response,4,0,Intermediate
B.Sc Data Science,4,NLP,3,6,Advanced
B.Sc Information Technology,4,CI/CD,5,3,Advanced
B.Sc Statistics,3,Algorithms,5,0,Advanced
B.Tech ECE,3,NumPy,5,4,Advanced
MCA,3,Power BI,4,3,Advanced
M.Sc Data Science,2,Tableau,1,4,Intermediate
B.Sc Information Technology,1,Pandas,1,1,Beginner
B.Sc Information Technology,3,Power BI,5,5,Advanced
M.Tech,2,Communication,5,6,Advanced
B.Sc Information Technology,4,Algorithms,1,3,Beginner
B.Tech CSE,3,NLP,3,5,Advanced
B.Com,4,SQL,2,2,Intermediate
M.Sc Data Science,2,OOP,1,6,Intermediate
B.Sc Mathematics,2,Cryptography,2,4,Intermediate
M.Sc Data Science,1,Docker,4,0,Intermediate
B.Sc Statistics,3,Linear Algebra,5,6,Advanced
B.Tech Data Science,3,Tableau,3,0,Intermediate
B.Sc Mathematics,2,Backup and Recovery,4,5,Advanced
B.Sc Computer Science,2,Web Security,1,0,Beginner
B.Tech IT,3,Business Analysis,2,2,Intermediate
B.Tech AI & ML,1,Deep Learning,5,3,Advanced
B.Sc Mathematics,1,Machine Learning,3,4,Intermediate
BBA,4,Data Structures,1,3,Beginner
B.Tech ECE,1,Cryptography,3,3,Intermediate
B.Sc Mathematics,3,OpenCV,4,1,Advanced
BCA,2,Python,2,2,Intermediate
B.Tech IT,1,Power BI,1,1,Beginner
M.Sc Computer Science,2,Data Visualization,3,4,Advanced
B.Tech EEE,2,Calculus,5,0,Advanced
B.Tech IT,2,Power BI,2,0,Intermediate
M.Tech,2,Data Warehousing,4,3,Advanced
B.Tech Mechanical,3,SQL,1,1,Beginner
B.Com,3,Excel,4,0,Intermediate
MCA,2,MySQL,3,4,Intermediate
M.Tech,2,CI/CD,4,0,Intermediate
M.Sc Computer Science,3,SIEM,5,6,Advanced
B.Tech EEE,4,Scikit-learn,1,6,Intermediate
M.Sc Computer Science,4,Git,2,6,Intermediate
B.Tech AI & ML,2,MySQL,5,4,Advanced
B.Tech Mechanical,4,Database Administration,1,6,Intermediate
B.Sc Computer Science,2,Power BI,2,0,Beginner
MCA,4,CI/CD,2,6,Intermediate
BCA,1,Docker,1,5,Intermediate
B.Tech Mechanical,1,Scikit-learn,3,3,Intermediate
BCA,2,System Design,5,5,Advanced
M.Sc Computer Science,3,Power BI,3,6,Advanced
M.Sc Computer Science,3,Linear Algebra,3,3,Intermediate
B.Tech Mechanical,1,Data Visualization,5,3,Advanced
B.Sc Data Science,3,Power BI,3,6,Advanced
B.Tech Data Science,3,Git,5,4,Advanced
M.Sc Statistics,1,PostgreSQL,1,5,Intermediate
B.Tech ECE,2,MySQL,1,6,Intermediate
BBA,4,Scikit-learn,5,3,Advanced
B.Tech CSE,4,Data Structures,1,4,Intermediate
B.Com,1,ETL,1,5,Intermediate
B.Sc Data Science,4,AWS,1,6,Intermediate
B.Tech Mechanical,4,Transformers,2,3,Intermediate
MBA,2,Terraform,1,1,Beginner
MBA,2,Statistics,2,4,Intermediate
B.Tech IT,4,Cybersecurity,1,5,Intermediate
BBA,2,Algorithms,2,6,Intermediate
B.Tech Civil,1,Database Security,2,1,Intermediate
B.Tech Mechanical,2,Computer Vision,3,1,Intermediate
B.Tech ECE,2,Deep Learning,5,4,Advanced
B.Tech IT,1,Docker,4,4,Advanced
MCA,4,Product Analytics,5,2,Advanced
B.Tech CSE,4,Linear Algebra,5,1,Advanced
B.Com,3,ETL,5,1,Advanced
B.Tech Data Science,4,Power BI,4,3,Advanced
BCA,1,PyTorch,2,1,Beginner
B.Tech ECE,4,Excel,3,4,Advanced
B.Tech AI & ML,3,MySQL,5,2,Advanced
B.Sc Mathematics,4,OOP,3,5,Intermediate
B.Tech AI & ML,4,NumPy,3,5,Advanced
B.Sc Mathematics,3,Networking,2,4,Intermediate
B.Tech AI & ML,2,A/B Testing,3,4,Intermediate
BBA,2,Data Visualization,5,0,Advanced
BBA,4,Scikit-learn,4,4,Advanced
B.Sc Data Science,4,AWS,2,5,Intermediate
M.Sc Data Science,4,Power BI,4,0,Intermediate
M.Sc Computer Science,4,PostgreSQL,4,1,Intermediate
B.Sc Data Science,1,Linux,2,6,Intermediate
B.Sc Statistics,1,Incident Response,1,1,Beginner
B.Tech IT,4,PyTorch,5,0,Intermediate
M.Sc Data Science,3,Data Structures,4,1,Advanced
B.Tech EEE,3,Cryptography,3,5,Advanced
M.Sc Data Science,4,Git,5,0,Advanced
BCA,3,Calculus,5,5,Advanced
B.Tech AI & ML,4,Computer Vision,4,0,Intermediate
B.Tech Mechanical,2,Linear Algebra,4,3,Advanced
B.Sc Data Science,1,Communication,2,5,Intermediate
B.Tech Civil,1,Statistics,5,0,Advanced
M.Sc Statistics,4,A/B Testing,5,4,Advanced
M.Sc Statistics,1,Kubernetes,5,6,Advanced
B.Sc Data Science,3,Pandas,2,5,Advanced
B.Tech EEE,3,Linux,4,4,Advanced
B.Tech CSE,1,Algorithms,2,1,Beginner
M.Sc Computer Science,2,Algorithms,3,3,Intermediate
B.Sc Mathematics,1,Data Structures,5,0,Advanced
M.Tech,4,Algorithms,1,2,Beginner
B.Tech EEE,2,Cybersecurity,1,3,Beginner
B.Tech EEE,1,Scikit-learn,1,6,Intermediate
B.Tech AI & ML,1,OOP,3,1,Intermediate
B.Com,3,Python,1,5,Intermediate
MBA,2,NLP,1,2,Beginner
B.Sc Information Technology,2,Scikit-learn,3,0,Beginner
B.Tech EEE,3,Networking,4,4,Advanced
B.Tech EEE,2,Power BI,5,5,Advanced
B.Sc Mathematics,3,Incident Response,3,3,Intermediate
B.Sc Statistics,4,Apache Spark,3,6,Advanced
B.Com,2,Pandas,4,6,Advanced
B.Tech AI & ML,3,AWS,5,1,Advanced
B.Tech Data Science,4,Testing,1,3,Beginner
B.Tech AI & ML,4,Product Analytics,1,2,Beginner
BCA,2,Incident Response,4,6,Advanced
B.Tech Data Science,1,Data Structures,5,5,Advanced
MCA,2,Backup and Recovery,5,2,Advanced
B.Tech Civil,2,OOP,4,3,Advanced
M.Sc Data Science,3,CI/CD,4,5,Advanced
B.Tech CSE,3,Apache Spark,3,1,Intermediate
M.Tech,4,Cybersecurity,4,1,Advanced
B.Tech Data Science,3,Kubernetes,3,6,Intermediate
BBA,1,Pandas,4,4,Advanced
B.Tech IT,3,Python,5,3,Advanced
M.Sc Data Science,3,CI/CD,3,1,Intermediate
MBA,4,Pandas,1,4,Intermediate
B.Tech Civil,3,Apache Spark,1,5,Intermediate
BCA,3,Data Warehousing,1,3,Beginner
B.Tech ECE,4,CI/CD,4,5,Advanced
BBA,2,Scikit-learn,1,5,Intermediate
B.Com,1,NumPy,1,5,Intermediate
B.Com,2,Networking,3,1,Intermediate
B.Tech CSE,4,Linux,5,6,Advanced
B.Tech Data Science,2,Algorithms,1,3,Beginner
B.Tech Civil,2,Database Security,1,3,Beginner
B.Sc Information Technology,1,Machine Learning,4,3,Intermediate
B.Sc Statistics,3,Statistics,4,5,Advanced
B.Sc Information Technology,3,Database Administration,4,3,Advanced
B.Com,4,Product Analytics,4,5,Advanced
B.Tech Mechanical,3,Power BI,3,2,Intermediate
M.Sc Statistics,3,Database Administration,3,4,Advanced
M.Sc Data Science,4,Product Analytics,3,4,Intermediate
M.Sc Data Science,4,Transformers,3,2,Intermediate
B.Tech AI & ML,2,Computer Vision,1,5,Intermediate
B.Tech AI & ML,3,Cybersecurity,1,3,Beginner
B.Sc Statistics,2,REST API,3,2,Intermediate
B.Tech CSE,1,AWS,2,6,Advanced
B.Sc Statistics,2,Power BI,3,6,Advanced
MCA,1,Linear Algebra,4,6,Advanced
B.Tech AI & ML,4,Python,1,2,Beginner
B.Tech AI & ML,4,PostgreSQL,2,4,Intermediate
B.Tech EEE,3,Data Structures,3,2,Intermediate
B.Sc Data Science,3,PyTorch,2,1,Intermediate
M.Tech,2,Data Structures,1,5,Intermediate
B.Sc Mathematics,4,Calculus,4,5,Advanced
B.Tech Data Science,2,Testing,1,2,Beginner
B.Tech IT,3,PostgreSQL,4,4,Advanced
MCA,4,Data Structures,4,5,Advanced
M.Tech,1,Statistics,2,3,Intermediate
BBA,2,Statistics,4,3,Advanced
B.Sc Computer Science,4,NLP,4,1,Advanced
M.Sc Statistics,1,Data Warehousing,4,1,Advanced
BCA,1,AWS,2,0,Beginner
B.Sc Computer Science,2,Deep Learning,3,3,Advanced
B.Tech Civil,4,Machine Learning,4,5,Advanced
B.Tech Civil,4,Web Security,3,5,Advanced
B.Tech Data Science,1,System Design,2,4,Intermediate
B.Tech EEE,2,ETL,2,0,Intermediate
B.Tech ECE,3,Product Analytics,3,5,Advanced
M.Sc Statistics,4,Linear Algebra,4,1,Intermediate
M.Tech,3,AWS,3,3,Intermediate
B.Sc Statistics,3,Terraform,2,0,Intermediate
B.Tech AI & ML,3,Computer Vision,5,2,Advanced
M.Tech,4,Docker,5,3,Advanced
MBA,3,Terraform,4,1,Advanced
B.Tech EEE,2,Data Visualization,3,4,Advanced
B.Sc Data Science,2,SIEM,4,1,Advanced
B.Tech Data Science,3,System Design,3,3,Intermediate
M.Sc Data Science,3,PostgreSQL,1,0,Beginner
B.Tech IT,4,AWS,1,0,Beginner
B.Sc Data Science,3,SQL,1,2,Beginner
B.Com,2,Machine Learning,4,3,Advanced
B.Sc Data Science,3,Communication,4,4,Advanced
B.Tech Data Science,1,Communication,4,5,Advanced
B.Tech CSE,1,Linear Algebra,1,1,Beginner
B.Tech AI & ML,3,Scikit-learn,5,4,Advanced
B.Sc Computer Science,1,Incident Response,4,2,Advanced
B.Sc Computer Science,3,MySQL,1,5,Intermediate
B.Tech Civil,4,CI/CD,3,0,Intermediate
B.Com,1,Database Security,4,1,Intermediate
B.Tech AI & ML,2,Linux,2,2,Intermediate
M.Sc Statistics,3,PostgreSQL,1,4,Beginner
B.Tech ECE,1,Linear Algebra,1,5,Intermediate
B.Sc Data Science,2,Database Security,1,4,Intermediate
M.Sc Statistics,3,REST API,1,5,Intermediate
BBA,3,Networking,1,1,Beginner
B.Tech CSE,4,Scikit-learn,1,4,Intermediate
MCA,2,Cybersecurity,3,5,Advanced
B.Sc Information Technology,4,Data Visualization,4,4,Advanced
B.Sc Information Technology,1,Algorithms,1,3,Intermediate
B.Tech Data Science,3,NumPy,5,0,Advanced
B.Tech CSE,2,Linear Algebra,1,0,Beginner
BCA,2,SIEM,3,6,Advanced
B.Sc Computer Science,2,Docker,4,1,Intermediate
B.Tech EEE,2,Linux,3,5,Intermediate
B.Tech Data Science,1,Linear Algebra,1,3,Beginner
B.Tech CSE,2,Research,5,3,Advanced
M.Sc Computer Science,3,Web Security,5,4,Advanced
B.Tech EEE,1,Testing,4,5,Advanced
B.Sc Statistics,2,Data Structures,3,6,Advanced
B.Sc Computer Science,3,Linux,4,2,Intermediate
M.Tech,4,Linear Algebra,1,4,Beginner
BCA,1,Algorithms,2,6,Intermediate
M.Sc Data Science,3,PostgreSQL,1,3,Beginner
M.Sc Statistics,4,Data Structures,1,3,Beginner
M.Sc Computer Science,1,Tableau,1,2,Beginner
BBA,4,Data Warehousing,5,2,Advanced
MCA,3,System Design,3,6,Advanced
M.Tech,3,NLP,5,4,Advanced
BBA,3,Terraform,3,6,Advanced
B.Com,3,Web Security,1,4,Intermediate
M.Tech,3,ETL,5,1,Advanced
B.Tech EEE,3,Machine Learning,1,6,Intermediate
B.Sc Mathematics,4,Cybersecurity,2,5,Intermediate
B.Tech IT,3,Networking,4,5,Advanced
M.Sc Statistics,4,Transformers,2,0,Beginner
B.Com,3,Backup and Recovery,5,4,Advanced
M.Tech,4,Transformers,4,3,Advanced
B.Tech AI & ML,3,Research,2,2,Intermediate
BBA,3,MySQL,5,6,Advanced
B.Sc Computer Science,1,Docker,1,5,Beginner
M.Sc Statistics,4,Data Warehousing,1,3,Beginner
B.Sc Computer Science,1,MySQL,4,6,Advanced
B.Sc Computer Science,4,Terraform,5,0,Advanced
B.Sc Computer Science,3,Kubernetes,3,5,Advanced
B.Tech Data Science,1,Git,4,5,Advanced
B.Tech Civil,4,ETL,2,4,Intermediate
B.Sc Computer Science,3,OpenCV,1,6,Intermediate
B.Tech ECE,2,Python,3,5,Advanced
B.Tech AI & ML,2,Power BI,4,5,Advanced
M.Sc Statistics,4,Linear Algebra,5,3,Advanced
BBA,4,Testing,1,5,Intermediate
M.Tech,2,Algorithms,4,3,Advanced
B.Com,2,Tableau,4,4,Advanced
B.Tech EEE,2,Database Administration,1,2,Beginner
B.Tech ECE,4,Scikit-learn,2,2,Intermediate
B.Tech IT,4,Research,2,6,Intermediate
BCA,3,Incident Response,3,5,Advanced
B.Sc Mathematics,1,PyTorch,1,3,Beginner
B.Sc Computer Science,4,Data Structures,3,3,Advanced
B.Tech CSE,3,System Design,4,2,Advanced
BCA,2,Business Analysis,4,2,Advanced
B.Tech ECE,1,ETL,3,0,Intermediate
B.Tech Mechanical,4,PostgreSQL,4,6,Advanced
B.Tech AI & ML,1,Calculus,2,6,Intermediate
MCA,4,Testing,3,1,Intermediate
B.Tech Data Science,4,NLP,2,4,Intermediate
B.Sc Data Science,1,Product Analytics,1,2,Beginner
M.Tech,1,Business Analysis,3,2,Intermediate
B.Sc Computer Science,2,Testing,4,1,Intermediate
B.Tech ECE,4,Database Administration,4,6,Advanced
BBA,4,Python,5,5,Advanced
B.Tech Mechanical,2,System Design,2,1,Intermediate
M.Sc Statistics,2,PyTorch,3,2,Intermediate
M.Tech,4,Backup and Recovery,3,6,Advanced
BBA,2,Linear Algebra,5,2,Advanced
B.Com,4,Tableau,3,3,Intermediate
BCA,1,Excel,3,4,Advanced
B.Tech ECE,4,Algorithms,3,6,Advanced
B.Tech ECE,1,System Design,2,0,Intermediate
BCA,3,Communication,4,6,Advanced
B.Tech Civil,4,Calculus,2,0,Intermediate
BCA,2,Web Security,3,3,Advanced
B.Sc Computer Science,1,Machine Learning,5,5,Advanced
B.Tech AI & ML,4,PyTorch,3,2,Advanced
MBA,3,Business Analysis,2,6,Intermediate
B.Tech Data Science,3,Incident Response,5,1,Advanced
MCA,3,Pandas,3,4,Advanced
B.Tech AI & ML,1,Incident Response,1,6,Intermediate
B.Tech EEE,3,Business Analysis,1,0,Beginner
MBA,2,A/B Testing,4,5,Advanced
B.Tech Mechanical,4,Linear Algebra,3,6,Advanced
BCA,1,Tableau,4,6,Advanced
M.Tech,2,Cybersecurity,1,1,Beginner
M.Sc Data Science,3,Kubernetes,3,0,Intermediate
MCA,4,NumPy,4,0,Intermediate
B.Tech Mechanical,4,Apache Spark,2,3,Intermediate
B.Sc Statistics,2,Networking,4,6,Advanced
B.Sc Data Science,1,Product Analytics,5,0,Advanced
B.Tech AI & ML,1,Scikit-learn,5,1,Advanced
B.Tech Data Science,3,Product Analytics,3,4,Advanced
B.Tech Civil,3,Scikit-learn,1,3,Beginner
M.Tech,1,MySQL,5,0,Intermediate
M.Sc Statistics,1,Research,5,2,Advanced
B.Tech AI & ML,4,Kubernetes,1,5,Intermediate
B.Sc Computer Science,2,Linux,3,0,Intermediate
B.Tech Mechanical,2,Python,5,4,Advanced
MBA,4,Testing,3,1,Intermediate
BBA,4,Docker,1,6,Intermediate
B.Tech Civil,1,Communication,5,4,Advanced
B.Sc Computer Science,1,FastAPI,1,6,Intermediate
B.Tech Data Science,2,Terraform,5,3,Advanced
M.Tech,1,Incident Response,5,5,Advanced
MBA,4,Data Visualization,1,4,Intermediate
B.Sc Mathematics,3,Networking,1,5,Intermediate
B.Sc Computer Science,3,Communication,2,5,Intermediate
M.Tech,4,Tableau,1,6,Intermediate
B.Tech CSE,1,Git,4,4,Advanced
B.Tech Mechanical,4,Business Analysis,4,4,Advanced
B.Tech CSE,4,Machine Learning,4,5,Advanced
MCA,4,Excel,1,4,Beginner
M.Sc Computer Science,2,Power BI,4,5,Advanced
BCA,1,Power BI,3,2,Intermediate
M.Sc Statistics,2,Web Security,5,2,Advanced
B.Tech AI & ML,1,AWS,4,3,Advanced
B.Tech CSE,2,Cybersecurity,4,4,Advanced
B.Sc Data Science,4,NLP,1,1,Beginner
M.Sc Statistics,4,Computer Vision,4,3,Intermediate
MBA,4,FastAPI,2,0,Beginner
B.Tech Civil,1,SQL,2,1,Beginner
B.Sc Computer Science,4,Data Structures,5,5,Advanced
M.Tech,2,OpenCV,2,5,Intermediate
BBA,2,Communication,3,5,Advanced
MCA,2,Kubernetes,4,4,Advanced
B.Tech Civil,3,Power BI,4,0,Advanced
BBA,2,Terraform,3,0,Beginner
B.Tech EEE,4,Statistics,1,4,Intermediate
MBA,2,Networking,4,0,Intermediate
B.Com,1,FastAPI,4,1,Intermediate
B.Tech AI & ML,4,PostgreSQL,1,5,Intermediate
B.Tech EEE,3,Git,2,5,Intermediate
BCA,2,OpenCV,4,1,Advanced
MBA,3,Web Security,5,1,Advanced
B.Tech ECE,3,NLP,5,0,Advanced
BCA,4,REST API,2,5,Advanced
M.Sc Statistics,4,NLP,1,0,Beginner
B.Tech Mechanical,4,Data Warehousing,3,3,Advanced
M.Sc Statistics,1,Business Analysis,2,6,Intermediate
B.Tech CSE,3,Git,5,2,Advanced
BBA,3,Machine Learning,2,0,Beginner
B.Com,2,Research,2,4,Intermediate
B.Tech AI & ML,4,Data Warehousing,4,1,Intermediate
B.Tech Data Science,4,Python,1,2,Beginner
M.Sc Statistics,3,Data Structures,3,6,Advanced
B.Tech AI & ML,1,Python,3,1,Intermediate
B.Tech CSE,3,Calculus,1,4,Intermediate
B.Com,4,Kubernetes,5,6,Advanced
B.Sc Data Science,3,Deep Learning,3,1,Intermediate
BCA,3,Testing,4,4,Advanced
B.Sc Mathematics,4,FastAPI,4,4,Advanced
M.Tech,2,Deep Learning,3,2,Intermediate
B.Tech Civil,2,Deep Learning,4,4,Advanced
B.Tech EEE,1,Product Analytics,5,5,Advanced
B.Tech Civil,1,Pandas,5,4,Advanced
B.Sc Data Science,4,Database Security,3,0,Intermediate
B.Tech IT,2,ETL,2,2,Intermediate
BCA,1,Linux,4,5,Advanced
BBA,4,Research,5,3,Advanced
M.Sc Computer Science,1,AWS,4,2,Advanced
B.Sc Information Technology,3,ETL,3,4,Intermediate
B.Sc Statistics,3,Linear Algebra,3,4,Advanced
B.Com,1,Power BI,3,0,Beginner
B.Sc Mathematics,2,System Design,1,5,Beginner
B.Sc Computer Science,4,Pandas,3,0,Beginner
B.Tech Data Science,2,Communication,5,5,Advanced
M.Sc Data Science,2,Calculus,3,3,Intermediate
B.Com,3,Database Security,3,0,Beginner
B.Tech IT,1,Computer Vision,1,1,Beginner
B.Tech ECE,2,PyTorch,5,0,Advanced
MBA,1,CI/CD,4,3,Advanced
B.Com,2,Git,1,4,Intermediate
B.Sc Mathematics,3,A/B Testing,3,4,Advanced
B.Tech AI & ML,4,Calculus,2,4,Intermediate
B.Tech EEE,3,MySQL,1,1,Beginner
MBA,2,SQL,1,4,Intermediate
B.Tech IT,3,Research,1,2,Beginner
M.Tech,4,SQL,5,0,Advanced
B.Tech AI & ML,3,Research,1,4,Beginner
B.Tech EEE,3,NLP,1,6,Intermediate
MBA,1,MySQL,4,2,Intermediate
M.Tech,3,Scikit-learn,1,1,Beginner
B.Com,1,Algorithms,4,6,Advanced
B.Tech ECE,3,PyTorch,3,5,Advanced
B.Sc Information Technology,4,Tableau,3,1,Intermediate
B.Tech Data Science,1,Incident Response,1,4,Intermediate
B.Tech IT,2,CI/CD,2,2,Intermediate
B.Tech Data Science,4,Business Analysis,5,5,Advanced
MBA,4,Algorithms,4,2,Advanced
B.Tech CSE,2,Python,5,6,Advanced
B.Sc Computer Science,3,Statistics,4,0,Intermediate
B.Sc Information Technology,2,Data Visualization,5,6,Advanced
B.Com,1,Data Visualization,1,0,Beginner
M.Sc Computer Science,2,Communication,3,5,Advanced
B.Com,3,Deep Learning,4,4,Advanced
M.Tech,1,Business Analysis,5,1,Advanced
BCA,1,PyTorch,4,3,Advanced
B.Tech Civil,4,Business Analysis,1,2,Beginner
B.Tech EEE,1,Terraform,4,5,Advanced
B.Tech Mechanical,1,Incident Response,1,6,Intermediate
B.Tech ECE,3,Networking,2,1,Intermediate
MCA,3,Calculus,3,1,Intermediate
MBA,1,Excel,5,4,Advanced
B.Sc Statistics,3,Git,5,1,Advanced
B.Tech CSE,3,A/B Testing,4,5,Advanced
B.Sc Data Science,1,NumPy,5,4,Advanced
BBA,2,Product Analytics,3,6,Intermediate
B.Sc Statistics,1,Data Visualization,3,3,Advanced
B.Sc Information Technology,2,ETL,1,6,Intermediate
B.Tech ECE,2,NLP,1,2,Beginner
B.Com,2,Linux,5,6,Advanced
M.Sc Data Science,3,Scikit-learn,4,5,Advanced
B.Tech AI & ML,2,SQL,3,4,Intermediate
B.Tech ECE,2,SQL,1,3,Beginner
MCA,4,Cybersecurity,4,2,Intermediate
B.Tech ECE,1,Terraform,4,0,Intermediate
M.Sc Data Science,2,Tableau,5,0,Advanced
B.Sc Mathematics,2,Cryptography,4,3,Advanced
MCA,2,Git,2,2,Intermediate
B.Tech ECE,3,FastAPI,4,6,Advanced
MBA,3,Algorithms,1,3,Beginner
B.Tech EEE,3,Excel,3,6,Advanced
B.Tech ECE,2,Scikit-learn,5,1,Advanced
B.Sc Computer Science,3,Transformers,4,0,Advanced
B.Tech ECE,1,MySQL,4,2,Advanced
B.Sc Mathematics,3,SIEM,3,6,Advanced
MCA,1,Database Administration,2,2,Beginner
MBA,1,Power BI,1,4,Beginner
B.Tech Data Science,1,PyTorch,2,6,Advanced
B.Tech ECE,3,Business Analysis,3,3,Advanced
B.Sc Computer Science,4,System Design,1,5,Intermediate
B.Sc Mathematics,2,ETL,5,1,Advanced
B.Tech Data Science,1,Backup and Recovery,5,1,Advanced
B.Sc Information Technology,3,Docker,2,2,Beginner
B.Tech AI & ML,1,PostgreSQL,3,1,Intermediate
B.Tech ECE,2,A/B Testing,2,4,Intermediate
B.Tech Mechanical,4,Terraform,3,5,Advanced
B.Tech AI & ML,1,Backup and Recovery,2,1,Beginner
B.Tech EEE,1,Docker,4,1,Advanced
B.Sc Information Technology,1,NumPy,4,2,Advanced
B.Tech CSE,1,Python,3,3,Intermediate
MBA,4,A/B Testing,1,1,Beginner
B.Tech ECE,3,Pandas,5,3,Advanced
BCA,1,Kubernetes,1,6,Intermediate
B.Tech Mechanical,1,ETL,1,0,Beginner
B.Tech IT,3,Backup and Recovery,4,2,Advanced
B.Tech ECE,1,Linux,4,0,Advanced
BBA,2,Communication,3,1,Intermediate
M.Sc Statistics,2,MySQL,2,0,Intermediate
B.Tech Civil,2,Terraform,2,0,Beginner
B.Tech Mechanical,1,Testing,2,0,Intermediate
M.Tech,2,Transformers,4,3,Advanced
M.Sc Computer Science,4,PostgreSQL,3,5,Advanced
BBA,1,Cybersecurity,1,1,Beginner
M.Sc Computer Science,2,Docker,4,5,Advanced
B.Tech IT,4,Database Security,2,3,Intermediate
B.Com,4,Web Security,5,2,Advanced
M.Sc Computer Science,3,Backup and Recovery,1,6,Intermediate
B.Sc Statistics,3,Kubernetes,1,3,Beginner
B.Com,3,OpenCV,4,0,Intermediate
MBA,1,Deep Learning,1,2,Beginner
B.Sc Information Technology,1,A/B Testing,2,2,Intermediate
B.Tech Mechanical,3,Testing,5,2,Advanced
B.Tech CSE,3,Cybersecurity,2,1,Beginner
B.Tech ECE,1,Transformers,3,1,Intermediate
B.Sc Mathematics,2,Machine Learning,5,2,Advanced
MBA,1,Machine Learning,3,2,Intermediate
B.Tech AI & ML,4,Business Analysis,1,5,Intermediate
B.Tech CSE,2,MySQL,5,0,Advanced
B.Tech Civil,1,NLP,4,3,Advanced
B.Sc Data Science,1,Pandas,1,5,Intermediate
B.Tech AI & ML,4,CI/CD,2,2,Intermediate
B.Tech EEE,3,OpenCV,5,3,Advanced
M.Sc Computer Science,1,Web Security,2,0,Beginner
B.Sc Computer Science,3,Docker,1,1,Beginner
B.Tech IT,3,FastAPI,4,1,Advanced
B.Sc Data Science,2,Testing,4,4,Advanced
MCA,3,A/B Testing,4,3,Advanced
B.Tech EEE,3,OpenCV,3,3,Intermediate
M.Sc Computer Science,4,Database Administration,4,6,Advanced
M.Sc Statistics,2,Transformers,2,4,Intermediate
M.Sc Computer Science,4,Cybersecurity,3,2,Intermediate
B.Com,2,SQL,3,4,Intermediate
B.Sc Information Technology,1,Business Analysis,4,0,Intermediate
B.Tech Mechanical,4,REST API,4,2,Intermediate
B.Sc Computer Science,4,PyTorch,2,1,Beginner
B.Tech IT,4,Excel,5,0,Advanced
B.Tech CSE,3,NLP,4,4,Advanced
B.Tech Data Science,4,Git,5,2,Advanced
M.Sc Computer Science,1,Database Administration,5,4,Advanced
B.Tech CSE,4,Networking,2,4,Intermediate
M.Sc Computer Science,1,Calculus,4,4,Advanced
M.Sc Statistics,3,Terraform,2,3,Intermediate
B.Tech Mechanical,2,AWS,2,3,Intermediate
M.Sc Statistics,2,OpenCV,5,1,Advanced
M.Sc Computer Science,1,Apache Spark,2,1,Intermediate
BBA,1,Database Administration,2,1,Beginner
B.Sc Information Technology,4,Data Structures,1,5,Intermediate
B.Sc Data Science,1,FastAPI,1,3,Beginner
MCA,3,ETL,1,4,Beginner
B.Sc Mathematics,4,AWS,1,5,Intermediate
B.Tech Civil,4,OOP,2,5,Advanced
B.Tech Mechanical,3,Machine Learning,3,0,Intermediate
B.Tech AI & ML,2,A/B Testing,2,1,Intermediate
BBA,4,SQL,3,1,Intermediate
MCA,1,OOP,4,1,Advanced
MCA,1,OOP,4,3,Advanced
B.Tech IT,4,Communication,3,3,Advanced
B.Tech AI & ML,4,Python,1,4,Intermediate
MCA,1,Tableau,3,1,Beginner
B.Sc Data Science,1,Calculus,3,6,Advanced
MBA,3,Backup and Recovery,2,3,Intermediate
B.Com,3,Transformers,3,4,Intermediate
BCA,3,Linear Algebra,4,5,Advanced
B.Tech ECE,1,FastAPI,4,6,Advanced
B.Tech Civil,1,Incident Response,5,2,Advanced
B.Com,3,Linear Algebra,5,4,Advanced
BBA,3,ETL,5,2,Advanced
MCA,2,Algorithms,5,4,Advanced
M.Sc Computer Science,3,Data Warehousing,2,5,Intermediate
B.Sc Computer Science,1,System Design,4,0,Advanced
M.Sc Statistics,1,Computer Vision,5,3,Advanced
B.Sc Computer Science,3,Communication,1,4,Beginner
B.Tech CSE,3,Cryptography,5,2,Advanced
B.Tech Mechanical,2,Linux,2,6,Intermediate
B.Tech AI & ML,2,Tableau,5,3,Advanced
B.Sc Statistics,3,NLP,5,0,Advanced
MCA,4,Incident Response,5,4,Advanced
B.Tech EEE,2,Apache Spark,3,6,Advanced
MBA,1,SQL,1,3,Intermediate
BCA,4,FastAPI,4,0,Intermediate
B.Sc Data Science,1,Apache Spark,1,1,Beginner
M.Tech,3,Database Administration,4,0,Intermediate
B.Com,2,Power BI,1,5,Beginner
BBA,3,Power BI,4,1,Advanced
B.Sc Computer Science,1,Computer Vision,5,4,Advanced
B.Sc Mathematics,3,Power BI,4,2,Advanced
BBA,4,Business Analysis,2,5,Intermediate
M.Tech,2,NLP,4,1,Advanced
M.Sc Data Science,2,Transformers,3,0,Intermediate
B.Tech Data Science,3,System Design,1,2,Beginner
B.Tech Civil,3,Communication,1,0,Beginner
B.Tech IT,2,Calculus,3,4,Advanced
B.Tech EEE,2,Cryptography,5,4,Advanced
B.Tech AI & ML,3,Business Analysis,2,5,Intermediate
B.Tech AI & ML,3,Pandas,1,4,Intermediate
B.Tech CSE,1,AWS,4,3,Advanced
B.Tech Mechanical,2,NLP,2,1,Beginner
B.Tech EEE,3,Algorithms,3,6,Advanced
B.Tech EEE,3,Tableau,4,5,Advanced
B.Tech CSE,2,Web Security,3,1,Intermediate
BBA,3,Business Analysis,4,0,Intermediate
B.Tech Mechanical,1,System Design,5,1,Advanced
M.Sc Statistics,2,System Design,1,3,Beginner
B.Sc Data Science,1,Transformers,4,6,Advanced
B.Tech Mechanical,4,Incident Response,5,5,Advanced
B.Tech Civil,3,A/B Testing,5,6,Advanced
B.Sc Computer Science,2,Backup and Recovery,3,0,Intermediate
B.Tech ECE,3,MySQL,2,1,Intermediate
B.Tech EEE,1,Communication,4,2,Intermediate
MBA,3,Backup and Recovery,4,6,Advanced
M.Sc Computer Science,2,Algorithms,4,0,Intermediate
B.Tech IT,1,Data Visualization,1,4,Beginner
B.Tech AI & ML,2,Linux,4,0,Intermediate
B.Tech Civil,1,OOP,4,2,Advanced
M.Sc Statistics,4,REST API,1,4,Beginner
B.Tech CSE,2,Python,4,1,Advanced
MBA,4,Cybersecurity,1,6,Intermediate
B.Tech EEE,2,SQL,3,4,Advanced
MBA,4,Web Security,3,3,Intermediate
B.Sc Statistics,1,Database Security,5,3,Advanced
BBA,2,Backup and Recovery,3,6,Advanced
B.Sc Statistics,4,Git,3,2,Intermediate
B.Tech Data Science,3,Business Analysis,3,1,Intermediate
B.Tech CSE,4,OOP,2,1,Intermediate
B.Sc Information Technology,4,Data Visualization,3,0,Intermediate
M.Sc Data Science,4,Incident Response,1,0,Beginner
B.Tech Data Science,2,Product Analytics,4,0,Advanced
B.Sc Information Technology,4,Deep Learning,4,5,Advanced
B.Sc Data Science,3,Linux,5,3,Advanced
B.Tech IT,3,Power BI,5,0,Advanced
B.Sc Statistics,1,Testing,1,2,Beginner
B.Tech IT,4,Incident Response,3,3,Intermediate
B.Tech ECE,3,MySQL,1,0,Beginner
B.Sc Data Science,3,Algorithms,4,4,Advanced
B.Tech AI & ML,1,FastAPI,4,2,Intermediate
MBA,2,Apache Spark,5,0,Advanced
BBA,2,Transformers,1,6,Intermediate
B.Tech Mechanical,4,Linear Algebra,4,1,Advanced
M.Sc Computer Science,3,Linear Algebra,1,1,Beginner
MCA,4,PostgreSQL,5,4,Advanced
B.Tech CSE,4,Machine Learning,5,5,Advanced
B.Tech AI & ML,4,A/B Testing,5,4,Advanced
B.Tech IT,2,REST API,1,5,Intermediate
B.Sc Data Science,1,CI/CD,4,0,Intermediate
M.Sc Data Science,2,Linux,4,5,Advanced
B.Tech CSE,4,Apache Spark,2,1,Beginner
M.Sc Statistics,2,FastAPI,1,1,Beginner
B.Tech Data Science,2,OpenCV,1,6,Intermediate
MCA,2,ETL,2,5,Advanced
B.Sc Information Technology,3,Tableau,5,3,Advanced
BBA,4,Kubernetes,3,5,Advanced
M.Tech,4,Statistics,5,0,Advanced
B.Tech Civil,1,Statistics,1,6,Intermediate
M.Sc Statistics,2,System Design,1,2,Beginner
M.Tech,4,OpenCV,4,6,Advanced
B.Sc Statistics,1,Incident Response,5,1,Advanced
B.Sc Statistics,4,Cybersecurity,3,3,Intermediate
B.Tech Data Science,2,System Design,3,0,Intermediate
B.Sc Computer Science,3,Pandas,3,0,Intermediate
M.Sc Statistics,3,FastAPI,3,1,Intermediate
BBA,3,A/B Testing,4,0,Intermediate
B.Tech Mechanical,2,System Design,2,0,Beginner
M.Tech,1,Python,4,0,Intermediate
MCA,3,Cryptography,2,6,Intermediate
BCA,2,Testing,3,5,Advanced
B.Tech IT,3,System Design,2,1,Beginner
B.Tech ECE,2,System Design,3,4,Advanced
BCA,1,System Design,1,3,Beginner
B.Sc Information Technology,4,Cryptography,1,5,Intermediate
M.Sc Statistics,3,Transformers,3,2,Intermediate
MCA,2,Scikit-learn,2,0,Beginner
B.Sc Information Technology,3,Power BI,3,6,Advanced
M.Sc Statistics,1,SIEM,5,4,Advanced
B.Sc Computer Science,4,Machine Learning,1,3,Beginner
B.Tech IT,4,SIEM,2,1,Beginner
B.Sc Information Technology,2,Data Visualization,5,6,Advanced
B.Tech Mechanical,2,OpenCV,2,4,Intermediate
M.Sc Data Science,1,Python,4,6,Advanced
B.Tech IT,2,Tableau,1,3,Intermediate
BCA,3,Kubernetes,4,2,Advanced
B.Sc Mathematics,4,Terraform,4,2,Intermediate
MBA,1,FastAPI,3,4,Intermediate
B.Sc Computer Science,4,MySQL,1,3,Beginner
B.Tech CSE,4,OpenCV,2,5,Intermediate
M.Sc Computer Science,4,Algorithms,3,1,Intermediate
B.Sc Information Technology,3,Statistics,2,0,Intermediate
B.Tech ECE,3,SQL,2,6,Intermediate
BBA,2,Database Administration,2,4,Intermediate
B.Sc Mathematics,2,Cybersecurity,1,3,Beginner
B.Com,4,Networking,2,4,Intermediate
MBA,3,Cybersecurity,1,6,Intermediate
B.Sc Computer Science,1,NumPy,3,2,Intermediate
B.Tech ECE,3,Business Analysis,1,5,Intermediate
BBA,2,Algorithms,1,3,Beginner
B.Tech Mechanical,1,FastAPI,4,4,Advanced
B.Sc Mathematics,1,Cybersecurity,5,6,Advanced
M.Sc Computer Science,3,A/B Testing,1,4,Beginner
B.Sc Data Science,1,SIEM,5,2,Advanced
B.Sc Mathematics,3,Cryptography,5,1,Advanced
M.Tech,4,FastAPI,1,1,Beginner
BCA,1,Calculus,3,6,Advanced
B.Tech Civil,1,Incident Response,4,5,Advanced
B.Sc Mathematics,1,Data Visualization,4,2,Advanced
B.Tech Data Science,1,Machine Learning,4,5,Advanced
B.Tech ECE,1,Linux,3,5,Intermediate
MCA,1,Data Structures,4,4,Advanced
M.Sc Computer Science,1,Data Visualization,3,3,Intermediate
B.Sc Data Science,2,OOP,4,2,Advanced
M.Tech,3,System Design,2,2,Intermediate
B.Sc Information Technology,1,Deep Learning,1,6,Beginner
B.Sc Data Science,3,NumPy,3,2,Advanced
B.Tech EEE,1,Cryptography,1,4,Intermediate
M.Sc Data Science,1,FastAPI,1,6,Intermediate
B.Tech CSE,1,Transformers,5,4,Advanced
B.Tech Data Science,4,Database Security,2,1,Intermediate
B.Sc Data Science,1,Cybersecurity,5,4,Advanced
M.Tech,3,Linear Algebra,1,3,Beginner
B.Tech Mechanical,3,Product Analytics,1,3,Beginner
B.Tech CSE,2,Apache Spark,2,6,Advanced
B.Tech Data Science,1,OOP,3,5,Advanced
BBA,4,Testing,2,6,Intermediate
B.Sc Information Technology,4,Apache Spark,1,0,Beginner
BCA,4,Apache Spark,3,4,Intermediate
B.Com,2,Networking,5,0,Advanced
B.Tech Civil,2,Tableau,2,4,Intermediate
B.Tech AI & ML,2,FastAPI,2,4,Intermediate
B.Tech IT,3,A/B Testing,4,0,Intermediate
B.Sc Information Technology,3,Kubernetes,3,0,Beginner
M.Sc Data Science,2,Docker,3,0,Intermediate
B.Tech Civil,2,Data Warehousing,2,0,Intermediate
B.Tech AI & ML,1,SQL,5,6,Advanced
B.Tech Data Science,2,Cybersecurity,1,0,Beginner
BBA,2,Apache Spark,1,5,Intermediate
B.Tech Mechanical,1,Machine Learning,2,1,Intermediate
B.Sc Data Science,4,Power BI,4,4,Advanced
B.Tech EEE,1,Data Warehousing,4,5,Advanced
B.Tech AI & ML,1,Data Visualization,1,1,Beginner
B.Sc Mathematics,4,Data Warehousing,3,1,Intermediate
B.Sc Information Technology,4,Pandas,4,5,Advanced
M.Tech,1,Terraform,2,6,Intermediate
B.Sc Computer Science,1,Product Analytics,2,1,Intermediate
B.Sc Mathematics,2,Testing,3,0,Intermediate
B.Tech IT,1,Research,3,2,Intermediate
B.Tech IT,3,Machine Learning,2,3,Intermediate
M.Sc Statistics,1,A/B Testing,3,6,Advanced
B.Sc Data Science,3,Transformers,3,1,Intermediate
B.Tech EEE,1,Git,3,4,Intermediate
B.Tech Data Science,2,Data Visualization,5,2,Advanced
B.Sc Mathematics,4,CI/CD,2,4,Intermediate
M.Sc Statistics,4,Terraform,4,6,Advanced
B.Sc Data Science,1,Computer Vision,3,5,Advanced
M.Sc Data Science,4,Data Visualization,1,1,Beginner
B.Tech EEE,4,OOP,1,3,Intermediate
B.Tech CSE,2,AWS,2,6,Advanced
M.Sc Computer Science,1,Git,4,6,Advanced
B.Tech IT,1,ETL,2,0,Beginner
B.Tech Mechanical,4,CI/CD,2,3,Intermediate
B.Tech Mechanical,2,Python,5,4,Advanced
M.Sc Statistics,4,Calculus,5,0,Advanced
B.Sc Statistics,4,Terraform,3,6,Advanced
B.Com,1,Deep Learning,5,5,Advanced
M.Tech,3,Data Warehousing,3,1,Intermediate
B.Sc Statistics,3,OpenCV,4,3,Advanced
BCA,2,System Design,2,6,Intermediate
B.Sc Data Science,3,Incident Response,5,2,Advanced
B.Tech CSE,3,Web Security,3,1,Intermediate
M.Tech,2,MySQL,5,5,Advanced
B.Sc Computer Science,1,Communication,4,4,Advanced
B.Sc Computer Science,3,Cybersecurity,3,2,Intermediate
B.Tech Civil,4,NumPy,2,4,Advanced
B.Tech AI & ML,4,Excel,1,3,Beginner
B.Tech Mechanical,3,NLP,4,2,Advanced
B.Tech Civil,3,Data Warehousing,3,3,Intermediate
M.Sc Computer Science,3,Apache Spark,5,0,Advanced
BCA,4,Business Analysis,4,2,Advanced
B.Tech EEE,2,Calculus,4,6,Advanced
MBA,2,Research,4,6,Advanced
B.Com,3,Data Warehousing,3,5,Advanced
B.Sc Computer Science,4,FastAPI,4,6,Advanced
M.Sc Statistics,1,Power BI,3,3,Intermediate
MBA,2,Scikit-learn,5,2,Advanced
B.Tech IT,3,Networking,2,5,Intermediate
M.Sc Data Science,3,Incident Response,2,0,Beginner
M.Tech,3,Cybersecurity,5,6,Advanced
BCA,4,Linear Algebra,4,6,Advanced
M.Tech,4,SIEM,5,3,Advanced
BCA,4,PyTorch,3,0,Intermediate
M.Tech,1,Apache Spark,2,6,Intermediate
M.Tech,3,PostgreSQL,1,5,Beginner
B.Tech ECE,3,Product Analytics,5,6,Advanced
B.Tech CSE,3,Networking,1,5,Intermediate
M.Sc Data Science,4,NLP,5,2,Advanced
B.Tech Data Science,2,Communication,5,5,Advanced
B.Com,3,NLP,1,5,Intermediate
B.Sc Mathematics,3,Backup and Recovery,1,0,Beginner
MBA,4,Git,5,4,Advanced
MBA,4,Pandas,5,6,Advanced
B.Sc Computer Science,2,PyTorch,5,4,Advanced
B.Tech AI & ML,3,Docker,1,2,Beginner
M.Sc Statistics,1,Product Analytics,1,4,Beginner
B.Tech Civil,3,Computer Vision,5,0,Advanced
B.Tech Civil,3,CI/CD,2,6,Intermediate
B.Tech EEE,4,Testing,4,0,Intermediate
B.Sc Mathematics,2,Database Administration,3,6,Advanced
B.Tech ECE,3,Linear Algebra,3,1,Intermediate
M.Sc Computer Science,2,Database Security,5,3,Advanced
M.Sc Data Science,1,Machine Learning,4,3,Advanced
B.Tech Civil,1,PyTorch,3,3,Intermediate
BCA,3,Pandas,4,5,Advanced
B.Tech Data Science,2,Cryptography,2,5,Intermediate
M.Sc Data Science,3,Apache Spark,5,6,Advanced
B.Sc Mathematics,4,AWS,5,1,Advanced
B.Tech EEE,1,Git,3,5,Advanced
B.Tech Data Science,1,Computer Vision,3,5,Intermediate
B.Sc Information Technology,2,Linux,3,6,Advanced
B.Sc Computer Science,1,Transformers,1,0,Beginner
B.Sc Computer Science,2,Data Warehousing,1,5,Intermediate
M.Sc Statistics,1,ETL,3,4,Intermediate
B.Tech Data Science,2,Business Analysis,5,3,Advanced
B.Tech CSE,2,Linear Algebra,5,3,Advanced
B.Tech EEE,2,OpenCV,5,3,Advanced
B.Sc Computer Science,3,System Design,5,2,Advanced
B.Tech EEE,2,Backup and Recovery,2,1,Intermediate
B.Sc Computer Science,1,Power BI,2,6,Intermediate
B.Com,4,Machine Learning,4,3,Advanced
BBA,2,Incident Response,1,2,Beginner
M.Sc Statistics,3,Apache Spark,1,3,Beginner
B.Tech Civil,3,Incident Response,3,3,Intermediate
B.Tech Data Science,3,Linux,2,4,Intermediate
M.Sc Data Science,1,REST API,4,0,Intermediate
B.Tech Mechanical,4,Testing,1,5,Intermediate
M.Sc Statistics,1,Linux,2,5,Advanced
M.Sc Statistics,4,Database Administration,1,0,Beginner
B.Tech CSE,1,Web Security,2,5,Intermediate
M.Sc Statistics,3,Testing,5,1,Advanced
B.Tech CSE,4,Cryptography,1,0,Beginner
M.Sc Data Science,2,Product Analytics,3,2,Intermediate
B.Tech Civil,3,FastAPI,3,5,Advanced
B.Tech IT,2,Algorithms,1,4,Intermediate
B.Tech Mechanical,2,ETL,5,4,Advanced
B.Tech CSE,1,Machine Learning,5,2,Advanced
B.Tech AI & ML,2,Algorithms,5,5,Advanced
B.Tech EEE,2,System Design,1,0,Beginner
B.Tech EEE,1,ETL,3,5,Advanced
B.Tech Data Science,1,Data Structures,5,2,Advanced
B.Tech EEE,4,Python,1,3,Beginner
MBA,3,Incident Response,1,3,Beginner
MBA,2,Cybersecurity,3,6,Advanced
M.Sc Computer Science,2,OpenCV,5,2,Advanced
B.Tech Civil,3,MySQL,5,5,Advanced
B.Sc Information Technology,3,Calculus,1,5,Intermediate
M.Sc Statistics,3,Database Administration,3,4,Intermediate
B.Tech EEE,1,AWS,4,0,Intermediate
B.Tech IT,3,Deep Learning,2,1,Intermediate
B.Tech IT,2,Calculus,5,2,Advanced
B.Tech Mechanical,1,NumPy,3,2,Intermediate
B.Tech CSE,4,Cryptography,4,4,Advanced
B.Tech EEE,4,Apache Spark,2,6,Intermediate
B.Tech EEE,4,Docker,4,4,Advanced
MCA,2,Incident Response,1,5,Intermediate
M.Sc Statistics,4,Data Structures,3,1,Intermediate
M.Sc Computer Science,1,Deep Learning,4,6,Advanced
M.Tech,2,Tableau,1,0,Beginner
B.Tech CSE,2,Backup and Recovery,5,5,Advanced
BBA,2,Business Analysis,4,4,Advanced
B.Tech Data Science,4,Research,4,1,Intermediate
M.Sc Data Science,1,Incident Response,2,4,Intermediate
BCA,3,Research,5,5,Advanced
B.Tech Mechanical,2,Linear Algebra,5,0,Advanced
B.Tech Mechanical,4,Web Security,1,1,Beginner
M.Sc Computer Science,3,Cryptography,1,6,Intermediate
B.Tech AI & ML,1,Transformers,5,1,Advanced
B.Tech AI & ML,4,OpenCV,4,3,Advanced
B.Tech Civil,3,SQL,4,2,Intermediate
B.Tech AI & ML,2,Product Analytics,4,1,Advanced
MCA,4,Data Structures,1,4,Beginner
BBA,4,Excel,2,2,Intermediate
BBA,2,Testing,1,3,Intermediate
B.Tech IT,4,Algorithms,2,2,Intermediate
B.Tech ECE,4,Power BI,5,1,Advanced
B.Tech Mechanical,4,System Design,2,4,Intermediate
B.Sc Statistics,4,PyTorch,5,5,Advanced
MBA,3,Database Administration,3,5,Advanced
M.Tech,4,Transformers,2,3,Intermediate
B.Tech Mechanical,4,Incident Response,2,0,Intermediate
B.Tech Civil,2,Data Visualization,4,2,Advanced
B.Tech EEE,3,Calculus,1,6,Intermediate
B.Sc Information Technology,3,Machine Learning,5,5,Advanced
B.Sc Computer Science,1,Python,4,0,Advanced
MCA,2,SQL,5,2,Advanced
B.Tech AI & ML,3,Docker,3,6,Advanced
B.Sc Computer Science,2,Calculus,5,3,Advanced
B.Tech Data Science,3,Networking,4,3,Advanced
B.Tech Data Science,1,Web Security,1,0,Beginner
M.Sc Data Science,2,Tableau,3,1,Intermediate
B.Tech Mechanical,1,Computer Vision,2,0,Intermediate
M.Tech,4,Product Analytics,2,3,Intermediate
B.Sc Data Science,1,Git,1,0,Beginner
B.Sc Data Science,3,Pandas,5,1,Advanced
B.Sc Mathematics,2,Research,1,3,Intermediate
B.Tech Civil,3,Incident Response,5,5,Advanced
B.Tech Civil,1,Machine Learning,4,6,Advanced
B.Sc Information Technology,1,MySQL,2,1,Intermediate
B.Tech IT,3,Deep Learning,5,0,Advanced
B.Tech CSE,2,Linear Algebra,3,5,Advanced
B.Tech EEE,3,Web Security,5,5,Advanced
B.Tech AI & ML,1,PyTorch,4,2,Advanced
B.Sc Data Science,1,Data Structures,4,4,Advanced
B.Tech CSE,3,Web Security,5,0,Advanced
BBA,4,Data Visualization,1,4,Intermediate
BBA,3,Power BI,5,2,Advanced
M.Sc Data Science,3,Data Structures,3,4,Advanced
MCA,4,Python,3,1,Intermediate
B.Sc Statistics,1,Data Structures,3,3,Intermediate
B.Com,1,FastAPI,1,3,Intermediate
B.Tech IT,1,Linear Algebra,2,3,Intermediate
BCA,3,Python,1,0,Beginner
M.Sc Computer Science,1,REST API,3,3,Advanced
MCA,1,Business Analysis,3,4,Advanced
B.Tech AI & ML,3,SQL,2,2,Beginner
MBA,1,Kubernetes,1,3,Beginner
B.Sc Computer Science,4,Backup and Recovery,2,6,Advanced
B.Com,4,Database Security,4,5,Advanced
BBA,1,SIEM,4,5,Advanced
B.Tech ECE,4,Pandas,1,4,Beginner
MBA,4,Business Analysis,1,1,Beginner
M.Tech,2,Transformers,4,6,Advanced
B.Sc Statistics,2,CI/CD,4,1,Advanced
B.Sc Information Technology,1,Docker,2,1,Beginner
B.Tech AI & ML,1,Git,1,4,Beginner
MBA,4,Apache Spark,3,6,Advanced
MCA,2,Incident Response,2,6,Intermediate
B.Tech Civil,3,PyTorch,3,2,Intermediate
M.Sc Data Science,1,Terraform,1,1,Beginner
B.Tech EEE,2,FastAPI,3,6,Advanced
B.Sc Information Technology,4,Product Analytics,3,0,Intermediate
BBA,1,Linear Algebra,4,1,Advanced
B.Sc Information Technology,2,NumPy,4,2,Advanced
B.Tech ECE,3,Product Analytics,5,3,Advanced
M.Tech,3,OOP,5,4,Advanced
MBA,4,Power BI,5,2,Advanced
B.Tech Data Science,3,Cybersecurity,4,6,Advanced
BBA,4,MySQL,4,6,Advanced
B.Tech EEE,2,Calculus,2,1,Beginner
BCA,1,Tableau,4,4,Advanced
B.Tech CSE,3,NLP,1,2,Beginner
B.Sc Information Technology,2,MySQL,5,5,Advanced
B.Sc Mathematics,3,Product Analytics,1,6,Intermediate
B.Tech Data Science,1,Research,2,1,Beginner
B.Tech Data Science,1,SIEM,5,1,Advanced
B.Tech ECE,1,A/B Testing,3,5,Intermediate
B.Tech Data Science,2,SQL,5,0,Advanced
B.Sc Mathematics,4,Database Security,1,4,Intermediate
B.Tech Civil,2,Linear Algebra,2,3,Intermediate
BBA,3,NumPy,1,3,Intermediate
BBA,3,Networking,4,4,Advanced
B.Com,3,Data Visualization,5,0,Advanced
B.Sc Mathematics,2,Scikit-learn,2,3,Intermediate
B.Tech CSE,2,Scikit-learn,5,0,Advanced
B.Com,2,Research,4,5,Advanced
B.Tech CSE,3,Business Analysis,4,5,Advanced
B.Sc Data Science,3,Kubernetes,5,1,Advanced
B.Tech CSE,2,ETL,3,1,Intermediate
BCA,4,OpenCV,4,4,Advanced
MBA,4,System Design,2,5,Intermediate
M.Tech,2,Research,5,2,Advanced
MCA,1,OOP,3,4,Advanced
B.Tech Data Science,2,Machine Learning,1,3,Intermediate
B.Com,2,Data Warehousing,2,3,Intermediate
MBA,4,Python,3,6,Advanced
B.Sc Data Science,3,AWS,1,1,Beginner
B.Tech Data Science,3,Machine Learning,5,4,Advanced
M.Sc Data Science,1,Database Administration,2,4,Intermediate
B.Com,4,Product Analytics,1,1,Beginner
B.Com,4,Deep Learning,1,5,Intermediate
B.Sc Computer Science,3,OpenCV,5,5,Advanced
B.Tech CSE,2,Research,1,1,Beginner
M.Sc Statistics,2,Statistics,3,5,Intermediate
M.Tech,3,Git,3,1,Intermediate
B.Tech Civil,4,REST API,4,1,Intermediate
B.Sc Mathematics,2,Data Structures,5,0,Advanced
M.Sc Statistics,3,Database Security,4,2,Intermediate
B.Tech Data Science,4,Excel,5,1,Advanced
B.Sc Computer Science,4,Backup and Recovery,5,3,Advanced
B.Sc Computer Science,2,Apache Spark,5,4,Advanced
B.Tech ECE,3,Database Administration,5,6,Advanced
M.Tech,2,Product Analytics,3,5,Intermediate
B.Tech EEE,3,Networking,2,3,Intermediate
B.Tech ECE,3,Python,1,4,Intermediate
M.Sc Computer Science,3,Statistics,4,5,Advanced
B.Com,3,Database Security,4,5,Advanced
B.Tech IT,2,Power BI,3,0,Intermediate
B.Tech ECE,4,Kubernetes,1,5,Intermediate
MBA,3,Networking,1,0,Beginner
B.Sc Statistics,3,Computer Vision,3,3,Intermediate
BCA,2,MySQL,4,2,Intermediate
BCA,1,Cybersecurity,3,6,Advanced
B.Tech Data Science,3,Computer Vision,5,3,Advanced
B.Com,3,Apache Spark,1,6,Intermediate
B.Tech EEE,4,Business Analysis,5,3,Advanced
M.Tech,4,AWS,1,5,Intermediate
B.Sc Computer Science,1,Kubernetes,1,2,Beginner
B.Tech CSE,2,Linear Algebra,2,5,Intermediate
B.Sc Information Technology,2,Pandas,2,6,Advanced
B.Sc Statistics,2,A/B Testing,2,1,Intermediate
B.Tech Data Science,3,NLP,5,5,Advanced
B.Tech Data Science,4,Cryptography,3,6,Advanced
MBA,4,Linux,1,2,Beginner
B.Sc Computer Science,3,Product Analytics,2,0,Beginner
B.Tech AI & ML,1,System Design,1,5,Beginner
B.Tech ECE,2,NLP,1,5,Beginner
B.Sc Statistics,2,Deep Learning,1,2,Beginner
MBA,2,Git,3,4,Intermediate
M.Sc Data Science,1,Backup and Recovery,3,5,Intermediate
B.Tech AI & ML,3,Machine Learning,2,2,Intermediate
B.Sc Data Science,2,Cybersecurity,4,6,Advanced
B.Tech Civil,2,REST API,5,1,Advanced
B.Sc Information Technology,1,Computer Vision,5,5,Advanced
B.Sc Mathematics,3,Data Structures,5,2,Advanced
B.Tech AI & ML,4,Scikit-learn,5,4,Advanced
B.Tech CSE,2,Cryptography,1,4,Intermediate
B.Tech Mechanical,3,Deep Learning,3,6,Advanced
MCA,1,NumPy,3,3,Intermediate
B.Tech ECE,2,Terraform,5,2,Advanced
B.Tech EEE,3,MySQL,1,4,Beginner
B.Tech Civil,3,PyTorch,1,5,Intermediate
B.Tech EEE,2,Cryptography,2,4,Intermediate
MBA,4,PostgreSQL,3,6,Advanced
B.Tech IT,1,Transformers,2,6,Intermediate
MCA,1,CI/CD,2,0,Intermediate
B.Sc Data Science,2,Business Analysis,3,3,Advanced
B.Sc Statistics,1,Web Security,2,4,Intermediate
B.Tech CSE,1,Algorithms,3,4,Intermediate
MBA,1,Backup and Recovery,5,6,Advanced
M.Sc Data Science,3,Kubernetes,5,5,Advanced
B.Tech IT,2,Database Security,4,5,Advanced
M.Sc Computer Science,4,REST API,4,0,Intermediate
B.Sc Computer Science,1,Transformers,2,3,Intermediate
B.Tech IT,4,OpenCV,2,5,Intermediate
B.Sc Computer Science,4,Networking,3,4,Intermediate
B.Sc Mathematics,3,Data Warehousing,2,2,Intermediate
B.Sc Statistics,2,OOP,1,3,Beginner
B.Tech ECE,4,Incident Response,5,0,Advanced
B.Tech AI & ML,2,REST API,2,1,Beginner
MCA,2,MySQL,2,4,Intermediate
B.Tech Civil,4,FastAPI,3,6,Advanced
M.Sc Data Science,2,SIEM,3,6,Advanced
M.Sc Computer Science,2,FastAPI,2,3,Intermediate
M.Sc Computer Science,2,Testing,4,2,Advanced
B.Tech CSE,1,Communication,2,1,Beginner
MCA,4,Excel,4,5,Advanced
B.Sc Computer Science,4,Data Visualization,4,5,Advanced
B.Tech ECE,2,Linear Algebra,3,2,Intermediate
B.Sc Statistics,2,Apache Spark,2,5,Intermediate
M.Sc Data Science,1,Database Administration,1,2,Beginner
B.Tech ECE,1,AWS,2,6,Intermediate
B.Sc Mathematics,2,OOP,2,4,Intermediate
M.Tech,2,Transformers,1,1,Beginner
M.Sc Statistics,2,Research,4,3,Advanced
B.Sc Information Technology,4,CI/CD,3,6,Advanced
BBA,3,Computer Vision,3,5,Advanced
M.Sc Computer Science,3,Communication,4,0,Intermediate
B.Tech CSE,3,Linear Algebra,2,3,Intermediate
B.Tech Mechanical,3,Incident Response,1,5,Intermediate
BCA,1,PostgreSQL,2,2,Intermediate
B.Tech AI & ML,3,Docker,1,4,Beginner
B.Sc Mathematics,3,System Design,2,5,Intermediate
BCA,1,Docker,1,4,Intermediate
BBA,4,NLP,1,1,Beginner
BBA,4,Communication,1,0,Beginner
MBA,4,Data Warehousing,4,3,Advanced
MCA,4,AWS,1,3,Beginner
MCA,1,Cryptography,2,5,Intermediate
B.Tech Mechanical,2,Deep Learning,1,4,Intermediate
B.Sc Mathematics,3,PostgreSQL,1,4,Beginner
B.Sc Computer Science,3,Machine Learning,5,0,Advanced
MCA,3,Transformers,4,3,Advanced
B.Sc Data Science,3,Web Security,2,6,Intermediate
B.Sc Data Science,4,Excel,4,4,Advanced
MCA,4,Docker,3,0,Intermediate
B.Sc Data Science,2,Machine Learning,2,3,Intermediate
B.Sc Data Science,3,Algorithms,1,6,Intermediate
B.Tech Civil,2,Research,2,3,Intermediate
M.Sc Computer Science,1,OOP,1,6,Intermediate
B.Tech Mechanical,2,Web Security,4,6,Advanced
B.Sc Data Science,3,MySQL,2,3,Intermediate
B.Sc Computer Science,1,Product Analytics,1,4,Intermediate
M.Sc Computer Science,3,Power BI,2,6,Intermediate
B.Com,1,Scikit-learn,1,1,Beginner
B.Tech ECE,4,Git,4,2,Advanced
MBA,4,OpenCV,3,6,Advanced
B.Sc Data Science,4,PostgreSQL,1,1,Beginner
B.Tech CSE,3,Database Security,4,4,Advanced
B.Tech Civil,3,REST API,5,4,Advanced
BCA,3,Transformers,2,4,Intermediate
BBA,2,NumPy,3,0,Intermediate
B.Tech Civil,3,OOP,5,5,Advanced
B.Sc Data Science,3,Computer Vision,1,4,Intermediate
B.Tech AI & ML,2,Algorithms,4,2,Advanced
MBA,2,Tableau,1,1,Intermediate
B.Sc Computer Science,4,Backup and Recovery,2,0,Intermediate
B.Tech AI & ML,1,System Design,2,3,Intermediate
B.Tech ECE,4,Tableau,3,6,Intermediate
BBA,1,Data Warehousing,3,5,Advanced
B.Tech Civil,2,Cybersecurity,2,3,Intermediate
B.Sc Computer Science,2,NLP,4,5,Advanced
M.Sc Data Science,2,SIEM,3,1,Intermediate
B.Tech Civil,2,Deep Learning,2,3,Beginner
BCA,1,NumPy,3,0,Intermediate
B.Tech EEE,4,Computer Vision,4,1,Intermediate
B.Tech CSE,1,Computer Vision,1,5,Intermediate
M.Tech,2,Docker,5,6,Advanced
B.Tech CSE,3,Data Warehousing,2,3,Intermediate
M.Tech,3,NumPy,2,1,Intermediate
BBA,1,Backup and Recovery,2,2,Intermediate
M.Sc Computer Science,3,Cybersecurity,4,4,Advanced
M.Sc Statistics,1,Data Structures,2,0,Beginner
B.Sc Information Technology,1,Terraform,3,5,Advanced
M.Sc Statistics,4,Database Security,5,2,Advanced
B.Sc Data Science,3,Linux,2,3,Intermediate
B.Tech IT,1,Networking,3,2,Intermediate
MCA,2,Machine Learning,2,0,Beginner
B.Tech ECE,2,Cryptography,4,0,Intermediate
B.Tech AI & ML,4,OpenCV,1,6,Intermediate
BBA,2,Incident Response,2,0,Beginner
B.Sc Data Science,4,ETL,4,4,Advanced
M.Tech,3,System Design,2,3,Intermediate
MCA,4,Power BI,3,3,Intermediate
B.Tech Data Science,3,Python,3,0,Intermediate
M.Sc Statistics,2,Algorithms,1,2,Beginner
B.Sc Mathematics,1,Backup and Recovery,1,4,Intermediate
M.Sc Data Science,2,Linux,4,4,Advanced
M.Sc Data Science,1,SIEM,3,2,Intermediate
M.Tech,1,Kubernetes,2,5,Intermediate
M.Sc Computer Science,3,Algorithms,4,3,Advanced
B.Tech AI & ML,1,Terraform,2,3,Intermediate
B.Tech EEE,4,Linear Algebra,2,3,Intermediate
B.Tech Mechanical,1,Incident Response,3,2,Intermediate
BBA,4,SIEM,4,2,Advanced
B.Com,2,System Design,4,3,Advanced
M.Sc Computer Science,3,Power BI,1,1,Beginner
B.Sc Information Technology,3,Algorithms,1,2,Beginner
BCA,4,Incident Response,5,5,Advanced
BCA,2,NLP,1,5,Intermediate
MCA,2,Linux,2,2,Beginner
MCA,4,Apache Spark,1,2,Beginner
BCA,3,Deep Learning,4,5,Advanced
B.Sc Statistics,4,Python,5,0,Advanced
B.Tech Data Science,3,Database Administration,4,5,Advanced
M.Sc Computer Science,4,Statistics,2,3,Intermediate
B.Sc Statistics,4,Web Security,2,3,Intermediate
BCA,2,Deep Learning,5,1,Advanced
BCA,3,Networking,4,0,Intermediate
M.Sc Statistics,1,A/B Testing,3,3,Intermediate
M.Sc Statistics,2,Data Warehousing,4,2,Advanced
M.Sc Data Science,2,Testing,3,1,Intermediate
B.Tech Data Science,4,Calculus,4,5,Advanced
B.Com,3,Tableau,3,3,Intermediate
B.Sc Information Technology,1,Data Warehousing,1,2,Beginner
MBA,1,Power BI,3,0,Intermediate
BCA,3,Web Security,2,3,Intermediate
B.Tech AI & ML,1,Research,4,6,Advanced
B.Com,2,Linear Algebra,2,3,Intermediate
M.Sc Data Science,1,Cybersecurity,5,2,Advanced
MBA,3,Database Administration,3,3,Intermediate
M.Tech,1,Product Analytics,2,2,Intermediate
B.Tech AI & ML,2,Statistics,3,3,Beginner
B.Tech Data Science,2,Machine Learning,3,1,Intermediate
B.Tech ECE,1,Machine Learning,3,0,Intermediate
B.Sc Statistics,1,Linux,2,2,Intermediate
B.Sc Data Science,2,Docker,5,0,Advanced
B.Tech EEE,1,A/B Testing,2,0,Intermediate
M.Sc Statistics,4,Networking,5,3,Advanced
B.Sc Computer Science,1,Scikit-learn,3,4,Advanced
M.Sc Statistics,3,ETL,3,2,Intermediate
B.Tech CSE,2,Tableau,3,2,Intermediate
BBA,4,NLP,4,3,Advanced
M.Sc Data Science,1,PostgreSQL,3,2,Intermediate
B.Tech CSE,4,Testing,1,5,Intermediate
B.Sc Mathematics,1,SQL,1,1,Beginner
M.Sc Statistics,4,CI/CD,3,1,Intermediate
B.Tech CSE,1,Docker,3,3,Intermediate
B.Tech CSE,4,REST API,5,4,Advanced
B.Tech Civil,2,PyTorch,3,5,Advanced
B.Tech Data Science,4,Data Structures,3,1,Intermediate
B.Sc Statistics,1,System Design,5,5,Advanced
B.Com,3,Research,3,3,Intermediate
MBA,1,Algorithms,4,6,Advanced
MBA,1,Database Administration,4,3,Advanced
B.Tech AI & ML,3,Terraform,5,2,Advanced
B.Sc Computer Science,2,Scikit-learn,5,5,Advanced
B.Sc Mathematics,3,System Design,1,1,Beginner
B.Tech IT,2,MySQL,1,0,Beginner
B.Tech Civil,1,Data Structures,3,3,Intermediate
B.Sc Computer Science,4,Deep Learning,3,4,Advanced
B.Tech CSE,4,PostgreSQL,5,0,Intermediate
MCA,4,AWS,5,1,Advanced
B.Tech Data Science,2,Networking,2,0,Beginner
B.Sc Computer Science,2,Linear Algebra,2,5,Intermediate
MBA,4,SQL,2,5,Intermediate
B.Sc Computer Science,2,Deep Learning,4,3,Advanced
M.Tech,3,CI/CD,1,3,Beginner
B.Tech CSE,1,Business Analysis,5,6,Advanced
B.Sc Data Science,4,Research,2,4,Intermediate
MCA,1,Transformers,2,4,Intermediate
B.Sc Information Technology,1,Transformers,3,3,Intermediate
B.Sc Data Science,1,ETL,2,5,Intermediate
B.Com,1,Linux,2,0,Intermediate
B.Tech AI & ML,4,Computer Vision,4,1,Intermediate
B.Tech EEE,4,REST API,3,0,Intermediate
B.Tech Civil,1,Terraform,5,4,Advanced
B.Sc Statistics,3,NumPy,2,3,Intermediate
B.Tech Data Science,4,Computer Vision,3,6,Advanced
B.Sc Computer Science,1,Apache Spark,4,5,Advanced
B.Sc Statistics,3,Data Visualization,2,4,Intermediate
B.Com,4,PyTorch,5,5,Advanced
B.Tech Mechanical,4,Backup and Recovery,5,1,Advanced
B.Tech AI & ML,2,Linux,3,5,Advanced
B.Sc Information Technology,1,REST API,3,6,Advanced
MCA,2,Transformers,2,6,Advanced
B.Tech CSE,1,Apache Spark,5,4,Advanced
B.Sc Statistics,2,FastAPI,2,2,Intermediate
B.Tech Data Science,3,Statistics,4,1,Intermediate
B.Com,3,Excel,5,0,Advanced
B.Tech CSE,2,Tableau,1,2,Beginner
B.Tech Data Science,3,PyTorch,4,2,Advanced
B.Tech Civil,1,Tableau,2,6,Intermediate
BBA,4,PyTorch,4,2,Advanced
B.Sc Computer Science,4,MySQL,5,5,Advanced
BCA,2,AWS,2,2,Intermediate
BBA,4,Backup and Recovery,3,4,Intermediate
B.Tech Mechanical,1,Data Visualization,5,0,Advanced
B.Tech IT,1,Communication,3,6,Advanced
B.Tech ECE,4,Docker,2,1,Intermediate
B.Sc Mathematics,4,Algorithms,2,5,Intermediate
BBA,4,Scikit-learn,2,0,Beginner
B.Tech CSE,1,Machine Learning,1,3,Beginner
BCA,3,A/B Testing,2,5,Intermediate
B.Tech AI & ML,3,OpenCV,5,4,Advanced
B.Tech Mechanical,3,Scikit-learn,2,0,Beginner
B.Tech IT,2,Power BI,5,1,Advanced
B.Sc Information Technology,4,AWS,1,0,Beginner
BBA,2,System Design,2,1,Intermediate
MBA,2,System Design,3,2,Intermediate
B.Sc Data Science,4,Web Security,5,1,Advanced
BBA,3,Cybersecurity,1,5,Intermediate
BCA,2,Terraform,1,4,Beginner
B.Tech CSE,3,Apache Spark,3,4,Advanced
B.Sc Computer Science,3,Git,1,5,Intermediate
B.Com,2,Computer Vision,1,2,Intermediate
B.Sc Mathematics,2,AWS,1,3,Intermediate
MCA,3,Data Structures,5,6,Advanced
B.Sc Statistics,3,Calculus,1,0,Beginner
M.Tech,3,Database Security,3,4,Intermediate
B.Tech IT,1,Git,2,6,Intermediate
MBA,4,A/B Testing,4,4,Advanced
B.Sc Statistics,3,Power BI,5,5,Advanced
B.Tech EEE,4,PyTorch,5,6,Advanced
B.Tech Data Science,1,CI/CD,4,0,Intermediate
M.Sc Computer Science,4,Cryptography,5,1,Advanced
M.Tech,2,Power BI,4,3,Advanced
B.Sc Data Science,4,Kubernetes,3,4,Intermediate
B.Tech Civil,1,SQL,1,4,Beginner
M.Sc Statistics,3,A/B Testing,5,1,Advanced
B.Tech ECE,3,FastAPI,4,3,Advanced
M.Sc Data Science,3,Database Administration,3,0,Intermediate
B.Sc Information Technology,3,OpenCV,1,0,Beginner
MBA,4,Incident Response,2,2,Intermediate
B.Tech Data Science,3,OpenCV,4,5,Advanced
B.Tech Civil,4,Data Warehousing,1,6,Intermediate
B.Tech ECE,4,Deep Learning,3,5,Intermediate
MBA,3,Data Visualization,4,1,Intermediate
B.Sc Data Science,1,Data Visualization,1,4,Intermediate
MCA,1,Computer Vision,2,0,Beginner
M.Sc Data Science,4,NumPy,3,5,Advanced
M.Sc Computer Science,3,Business Analysis,2,3,Beginner
BCA,1,Communication,3,4,Intermediate
B.Tech EEE,3,NLP,3,6,Advanced
B.Tech Mechanical,4,Business Analysis,5,4,Advanced
B.Sc Data Science,1,Computer Vision,2,6,Intermediate
B.Tech EEE,3,OOP,2,1,Intermediate
MBA,2,SIEM,4,2,Intermediate
B.Tech Data Science,1,Statistics,1,6,Intermediate
M.Tech,4,Database Administration,4,4,Advanced
B.Tech ECE,3,Cryptography,2,1,Beginner
B.Sc Computer Science,2,Data Warehousing,4,5,Advanced
B.Tech AI & ML,2,A/B Testing,1,2,Beginner
B.Sc Information Technology,2,Business Analysis,5,4,Advanced
M.Tech,3,Incident Response,1,0,Beginner
MCA,4,System Design,4,2,Advanced
B.Com,2,Pandas,2,2,Beginner
MCA,1,Transformers,3,6,Advanced
BBA,1,Web Security,2,4,Intermediate
B.Tech EEE,3,Linux,1,6,Intermediate
B.Sc Mathematics,4,Excel,5,3,Advanced
B.Sc Statistics,4,Transformers,1,0,Beginner
B.Sc Information Technology,1,Machine Learning,3,1,Intermediate
M.Tech,3,Data Visualization,1,2,Beginner
M.Tech,1,Cybersecurity,4,5,Advanced
B.Tech AI & ML,2,Kubernetes,1,6,Intermediate
B.Tech IT,3,Data Warehousing,2,4,Intermediate
B.Sc Mathematics,4,Research,2,6,Intermediate
B.Sc Information Technology,3,Transformers,4,0,Intermediate
B.Sc Mathematics,1,Docker,4,1,Intermediate
B.Sc Computer Science,4,SIEM,5,1,Advanced
B.Tech EEE,1,Testing,1,4,Beginner
B.Tech ECE,4,NumPy,2,1,Beginner
M.Sc Computer Science,4,Networking,2,0,Beginner
B.Tech IT,2,Calculus,2,2,Intermediate
MBA,2,Linear Algebra,2,4,Intermediate
B.Sc Data Science,3,Linear Algebra,3,4,Advanced
B.Tech Data Science,2,Database Security,2,3,Intermediate
BCA,1,SQL,5,6,Advanced
B.Sc Mathematics,1,Kubernetes,3,0,Intermediate
B.Sc Computer Science,3,Web Security,1,3,Beginner
B.Tech Mechanical,2,PostgreSQL,3,3,Intermediate
M.Sc Computer Science,4,A/B Testing,5,4,Advanced
B.Tech AI & ML,3,A/B Testing,5,2,Advanced
B.Sc Statistics,4,Networking,2,5,Intermediate
B.Tech Mechanical,4,Web Security,2,4,Intermediate
B.Com,4,OOP,2,5,Intermediate
MBA,4,System Design,5,4,Advanced
B.Tech AI & ML,3,Incident Response,1,6,Intermediate
B.Tech IT,3,Computer Vision,2,5,Intermediate
M.Sc Computer Science,2,Terraform,3,0,Intermediate
BBA,2,Power BI,1,0,Beginner
B.Sc Data Science,1,Linear Algebra,1,0,Beginner
M.Sc Computer Science,2,AWS,1,5,Intermediate
BCA,2,Python,3,0,Intermediate
B.Sc Computer Science,3,Networking,2,1,Beginner
B.Tech IT,2,Research,5,6,Advanced
M.Sc Statistics,3,Machine Learning,4,2,Advanced
B.Tech EEE,3,Testing,5,1,Advanced
B.Tech CSE,1,Database Administration,3,2,Intermediate
MBA,2,CI/CD,2,0,Beginner
B.Tech EEE,4,Linux,1,1,Beginner
B.Tech CSE,3,Terraform,2,3,Intermediate
M.Tech,3,Networking,2,2,Beginner
M.Tech,4,Machine Learning,1,1,Intermediate
B.Sc Mathematics,2,Product Analytics,1,6,Intermediate
B.Tech CSE,1,Apache Spark,3,6,Advanced
MCA,3,CI/CD,5,5,Advanced
B.Com,4,Incident Response,3,2,Intermediate
MBA,4,Scikit-learn,1,4,Beginner
M.Sc Computer Science,2,System Design,3,0,Intermediate
B.Tech AI & ML,4,Incident Response,4,6,Advanced
B.Tech AI & ML,2,Cryptography,4,0,Intermediate
B.Com,3,Incident Response,2,2,Intermediate
MCA,3,Web Security,3,2,Intermediate
B.Tech CSE,4,Statistics,1,1,Beginner
B.Tech IT,1,Backup and Recovery,4,4,Advanced
B.Tech CSE,3,Pandas,5,4,Advanced
M.Sc Computer Science,4,Linux,5,5,Advanced
MBA,2,Deep Learning,2,6,Advanced
MCA,3,Apache Spark,5,3,Advanced
B.Tech Mechanical,2,Backup and Recovery,1,1,Beginner
B.Tech ECE,1,Pandas,2,4,Intermediate
B.Tech IT,1,Calculus,2,6,Intermediate
B.Tech CSE,4,Database Administration,2,4,Intermediate
B.Sc Mathematics,2,Communication,3,3,Intermediate
B.Sc Computer Science,3,Research,2,3,Intermediate
B.Sc Statistics,3,System Design,1,6,Intermediate
B.Tech EEE,2,NumPy,1,0,Beginner
B.Tech ECE,1,FastAPI,1,5,Intermediate
BCA,2,Product Analytics,4,5,Advanced
MCA,2,FastAPI,2,5,Intermediate
M.Sc Statistics,4,Cryptography,1,4,Beginner
MBA,3,Excel,5,3,Advanced
B.Tech Data Science,1,SIEM,4,5,Advanced
B.Tech ECE,2,Calculus,5,3,Advanced
B.Tech ECE,2,PyTorch,2,5,Intermediate
M.Sc Data Science,3,MySQL,3,0,Intermediate
B.Tech IT,2,Excel,5,2,Advanced
B.Tech CSE,4,Deep Learning,3,2,Advanced
B.Tech CSE,4,AWS,2,4,Intermediate
B.Sc Statistics,2,Incident Response,1,5,Beginner
B.Tech AI & ML,4,Computer Vision,2,2,Beginner
B.Tech CSE,2,OOP,3,2,Intermediate
B.Tech EEE,4,SIEM,4,2,Intermediate
M.Sc Statistics,4,Product Analytics,3,1,Intermediate
MBA,3,Deep Learning,1,0,Beginner
M.Tech,3,Linear Algebra,3,6,Advanced
B.Tech IT,2,Transformers,2,4,Intermediate
B.Com,2,A/B Testing,2,3,Intermediate
B.Tech IT,1,Business Analysis,2,6,Intermediate
B.Tech Civil,2,Calculus,3,2,Intermediate
B.Sc Mathematics,4,Transformers,4,1,Intermediate
B.Sc Data Science,1,Kubernetes,1,0,Beginner
B.Sc Statistics,1,Python,1,6,Intermediate
MBA,2,Data Structures,5,2,Advanced
B.Tech EEE,2,Algorithms,3,6,Advanced
B.Sc Data Science,2,Terraform,3,3,Intermediate
B.Tech Data Science,1,SQL,2,0,Beginner
B.Tech Mechanical,2,Docker,3,5,Advanced
B.Tech EEE,4,SIEM,4,3,Advanced
BBA,1,Kubernetes,5,6,Advanced
M.Sc Statistics,3,Algorithms,3,1,Intermediate
B.Tech CSE,4,Tableau,1,2,Beginner
B.Tech AI & ML,3,SQL,4,1,Advanced
B.Sc Statistics,4,SQL,5,2,Advanced
B.Sc Data Science,1,REST API,1,2,Beginner
B.Tech ECE,4,Web Security,2,1,Beginner
B.Tech Civil,4,Kubernetes,3,5,Advanced
B.Tech ECE,1,Linear Algebra,4,4,Advanced
B.Sc Mathematics,3,Cybersecurity,1,5,Intermediate
M.Sc Data Science,4,NLP,1,5,Intermediate
M.Tech,2,Web Security,4,4,Advanced
B.Sc Statistics,3,ETL,5,5,Advanced
B.Sc Computer Science,4,Pandas,1,6,Intermediate
B.Sc Computer Science,4,SQL,5,6,Advanced
B.Tech ECE,2,Product Analytics,5,2,Advanced
BCA,3,Kubernetes,2,6,Intermediate
M.Sc Computer Science,2,A/B Testing,1,5,Beginner
B.Sc Computer Science,1,Tableau,1,2,Beginner
B.Sc Computer Science,3,Business Analysis,2,4,Intermediate
M.Sc Computer Science,3,PostgreSQL,2,2,Intermediate
M.Sc Data Science,1,Backup and Recovery,3,0,Intermediate
M.Tech,4,OpenCV,3,5,Intermediate
B.Sc Data Science,4,Computer Vision,1,3,Intermediate
B.Tech ECE,2,Power BI,4,3,Advanced
B.Tech Data Science,1,Calculus,5,6,Advanced
B.Tech Civil,4,Linux,4,2,Intermediate
BCA,2,Data Structures,5,2,Advanced
M.Sc Statistics,1,Calculus,3,5,Intermediate
B.Sc Information Technology,3,Algorithms,2,5,Intermediate
B.Sc Mathematics,1,Cryptography,3,1,Intermediate
BBA,4,NLP,5,3,Advanced
B.Tech CSE,3,Product Analytics,1,5,Intermediate
MCA,2,Power BI,1,4,Intermediate
B.Sc Statistics,2,Research,2,3,Intermediate
B.Sc Mathematics,3,Communication,5,2,Advanced
M.Sc Computer Science,2,Transformers,2,6,Intermediate
M.Sc Data Science,1,NumPy,2,6,Intermediate
B.Tech Data Science,2,Terraform,5,5,Advanced
B.Com,3,Python,5,5,Advanced
B.Tech EEE,3,Product Analytics,3,5,Intermediate
M.Sc Data Science,4,Apache Spark,2,3,Beginner
B.Tech Civil,1,Machine Learning,4,0,Advanced
MBA,1,Power BI,2,6,Intermediate
B.Sc Computer Science,2,SQL,4,0,Intermediate
M.Tech,2,AWS,5,0,Advanced
M.Sc Computer Science,4,Docker,1,6,Intermediate
M.Sc Statistics,2,Apache Spark,2,2,Intermediate
B.Tech EEE,3,Statistics,1,5,Intermediate
B.Sc Data Science,1,Data Warehousing,2,2,Beginner
B.Sc Statistics,2,A/B Testing,3,3,Intermediate
B.Sc Data Science,3,Backup and Recovery,4,3,Advanced
B.Tech EEE,4,Tableau,1,5,Intermediate
B.Tech AI & ML,1,Machine Learning,4,0,Intermediate
MBA,1,Docker,5,1,Advanced
B.Tech Mechanical,3,Deep Learning,4,6,Advanced
B.Tech ECE,4,Incident Response,4,3,Advanced
B.Tech CSE,1,Kubernetes,3,3,Intermediate
BCA,2,Backup and Recovery,5,2,Advanced
B.Tech EEE,1,Web Security,4,4,Advanced
B.Tech Data Science,2,Backup and Recovery,1,2,Beginner
M.Tech,4,Machine Learning,5,3,Advanced
B.Tech IT,2,System Design,5,5,Advanced
B.Tech AI & ML,3,Database Security,5,1,Advanced
B.Sc Computer Science,3,OpenCV,4,6,Advanced
B.Tech IT,3,Docker,5,3,Advanced
B.Sc Mathematics,4,Cybersecurity,3,5,Intermediate
B.Tech Civil,1,PostgreSQL,3,2,Intermediate
B.Sc Information Technology,3,Linear Algebra,3,1,Intermediate
BCA,2,CI/CD,5,5,Advanced
B.Tech ECE,3,PostgreSQL,2,1,Beginner
BBA,2,Python,1,2,Beginner
M.Sc Statistics,2,Data Warehousing,2,6,Advanced
M.Sc Data Science,2,NLP,2,3,Beginner
B.Tech AI & ML,2,Communication,4,6,Advanced
B.Sc Statistics,4,Excel,1,4,Intermediate
M.Sc Data Science,3,OpenCV,1,2,Beginner
B.Com,2,Machine Learning,4,2,Intermediate
BBA,2,System Design,1,3,Intermediate
B.Sc Statistics,3,Apache Spark,5,5,Advanced
M.Sc Data Science,3,MySQL,5,5,Advanced
B.Sc Information Technology,4,REST API,1,4,Beginner
B.Sc Data Science,3,Linux,2,6,Intermediate
BBA,4,FastAPI,4,0,Intermediate
B.Tech Civil,3,NLP,1,5,Beginner
B.Sc Computer Science,2,FastAPI,2,3,Intermediate
B.Tech CSE,1,Git,4,2,Advanced
B.Tech EEE,1,Deep Learning,5,1,Advanced
B.Tech AI & ML,3,Power BI,1,5,Beginner
B.Sc Statistics,4,SQL,2,2,Intermediate
B.Tech IT,1,Kubernetes,1,5,Intermediate
B.Tech Mechanical,1,Communication,3,3,Intermediate
M.Sc Computer Science,4,Docker,4,3,Advanced
B.Tech AI & ML,4,Python,3,4,Advanced
M.Sc Data Science,2,PostgreSQL,2,1,Beginner
MCA,3,OpenCV,5,4,Advanced
B.Sc Mathematics,4,Incident Response,1,6,Intermediate
B.Tech Civil,3,Computer Vision,2,1,Beginner
B.Sc Mathematics,4,Testing,1,2,Beginner
M.Tech,2,Linear Algebra,2,6,Intermediate
M.Sc Data Science,3,Git,3,5,Advanced
M.Tech,2,SIEM,3,4,Intermediate
B.Sc Information Technology,4,Kubernetes,2,4,Intermediate
B.Sc Mathematics,1,Data Visualization,4,4,Advanced
B.Sc Data Science,4,Database Security,1,4,Intermediate
B.Tech AI & ML,2,Tableau,1,4,Intermediate
BCA,1,Python,4,1,Intermediate
B.Sc Computer Science,1,NLP,3,1,Intermediate
B.Sc Computer Science,2,ETL,4,1,Intermediate
M.Sc Computer Science,3,Transformers,1,6,Intermediate
M.Sc Data Science,3,Computer Vision,1,5,Intermediate
B.Tech Civil,1,Linux,4,3,Advanced
BBA,4,Machine Learning,5,4,Advanced
B.Tech Civil,1,Incident Response,2,2,Beginner
B.Sc Computer Science,3,Business Analysis,5,5,Advanced
B.Sc Information Technology,4,SIEM,5,5,Advanced
B.Tech IT,1,Git,5,1,Advanced
M.Sc Computer Science,1,Excel,4,4,Advanced
B.Tech IT,1,Tableau,3,0,Intermediate
B.Com,2,Linear Algebra,3,1,Intermediate
B.Sc Computer Science,2,Business Analysis,4,0,Intermediate
B.Tech ECE,2,Data Warehousing,3,3,Advanced
MBA,2,Excel,2,1,Intermediate
B.Tech Data Science,2,ETL,1,1,Beginner
M.Tech,1,Machine Learning,2,1,Beginner
B.Tech IT,1,Web Security,1,3,Intermediate
MCA,3,CI/CD,3,2,Intermediate
MCA,2,Cybersecurity,5,0,Advanced
B.Tech Mechanical,1,Web Security,4,6,Advanced
MBA,1,Linux,2,4,Intermediate
B.Tech ECE,1,Kubernetes,5,5,Advanced
BBA,2,PyTorch,4,4,Advanced
M.Sc Data Science,4,Database Security,3,4,Intermediate
BCA,1,Computer Vision,1,4,Intermediate
M.Tech,4,Data Visualization,1,3,Beginner
B.Tech CSE,3,Product Analytics,3,0,Intermediate
M.Sc Data Science,4,PostgreSQL,5,6,Advanced
B.Tech IT,2,Algorithms,2,6,Advanced
B.Sc Information Technology,4,Git,3,5,Advanced
B.Tech Mechanical,1,CI/CD,3,5,Advanced
B.Sc Data Science,3,Git,4,5,Advanced
B.Tech Civil,4,Cryptography,4,5,Advanced
B.Tech ECE,4,Communication,5,3,Advanced
B.Tech Data Science,1,MySQL,4,1,Advanced
B.Sc Statistics,2,SIEM,2,5,Intermediate
M.Sc Computer Science,4,Testing,3,2,Intermediate
B.Sc Information Technology,1,Business Analysis,4,4,Advanced
MCA,3,OOP,2,4,Intermediate
B.Tech AI & ML,1,Python,2,3,Intermediate
MBA,4,SQL,4,2,Advanced
B.Tech Mechanical,2,PostgreSQL,5,2,Advanced
B.Tech Data Science,3,CI/CD,1,0,Beginner
B.Tech AI & ML,2,MySQL,1,2,Beginner
B.Sc Information Technology,2,Kubernetes,4,6,Advanced
M.Sc Data Science,4,Data Warehousing,3,0,Intermediate
M.Tech,1,Linear Algebra,5,0,Advanced
BBA,1,Web Security,5,5,Advanced
B.Tech Mechanical,1,Machine Learning,5,1,Advanced
B.Tech CSE,2,Excel,5,0,Advanced
B.Tech Mechanical,4,NumPy,4,2,Advanced
B.Sc Information Technology,3,Communication,3,0,Intermediate
B.Tech AI & ML,2,Business Analysis,4,2,Advanced
M.Tech,2,Web Security,4,4,Advanced
B.Tech IT,4,MySQL,2,5,Intermediate
M.Sc Statistics,3,Data Structures,3,2,Intermediate
B.Tech AI & ML,2,Scikit-learn,3,2,Intermediate
B.Tech Data Science,2,Database Administration,1,1,Beginner
M.Sc Data Science,3,NLP,1,2,Beginner
B.Tech ECE,1,Deep Learning,1,0,Beginner
B.Sc Data Science,1,Scikit-learn,3,3,Advanced
M.Sc Statistics,3,Web Security,2,0,Beginner
B.Sc Computer Science,1,Web Security,5,6,Advanced
B.Sc Computer Science,3,Business Analysis,1,5,Beginner
B.Tech Mechanical,2,Database Administration,2,0,Beginner
B.Com,3,PostgreSQL,4,3,Advanced
MBA,3,NLP,4,5,Advanced
B.Tech ECE,4,Python,1,4,Beginner
B.Tech EEE,4,Computer Vision,2,1,Beginner
M.Sc Data Science,4,Database Security,1,6,Intermediate
M.Sc Data Science,2,Machine Learning,2,5,Intermediate
M.Sc Computer Science,3,Kubernetes,1,3,Beginner
BBA,4,NumPy,4,2,Intermediate
B.Tech CSE,4,OpenCV,1,5,Intermediate
B.Tech EEE,4,Backup and Recovery,3,3,Advanced
B.Tech CSE,2,Excel,3,6,Advanced
B.Tech AI & ML,2,Research,5,5,Advanced
B.Sc Computer Science,3,Database Security,4,4,Advanced
B.Tech CSE,3,Statistics,1,2,Beginner
B.Sc Mathematics,2,PostgreSQL,3,1,Intermediate
M.Sc Computer Science,1,Kubernetes,5,3,Advanced
B.Sc Information Technology,3,Statistics,2,3,Intermediate
B.Sc Information Technology,3,Incident Response,4,2,Advanced
B.Tech AI & ML,4,Data Structures,5,0,Advanced
B.Tech CSE,4,Communication,4,1,Advanced
B.Tech Mechanical,1,SIEM,1,4,Intermediate
MCA,2,System Design,5,0,Advanced
B.Sc Information Technology,4,REST API,2,2,Intermediate
B.Tech EEE,3,Excel,3,1,Intermediate
B.Sc Information Technology,2,NLP,3,4,Advanced
B.Tech IT,4,MySQL,1,3,Beginner
MBA,2,Testing,5,1,Intermediate
BBA,1,Deep Learning,3,1,Intermediate
B.Tech ECE,3,Database Security,4,6,Advanced
B.Tech CSE,2,OpenCV,2,5,Intermediate
MBA,1,Web Security,5,0,Advanced
B.Sc Statistics,4,Kubernetes,3,6,Intermediate
B.Com,4,Business Analysis,5,2,Advanced
B.Tech Mechanical,4,Backup and Recovery,4,4,Advanced
B.Sc Statistics,2,System Design,1,0,Beginner
B.Tech EEE,1,Networking,2,1,Beginner
BCA,3,Apache Spark,2,4,Intermediate
B.Tech Civil,2,Deep Learning,1,6,Beginner
BBA,3,Algorithms,4,0,Intermediate
BCA,1,MySQL,5,4,Advanced
B.Sc Computer Science,4,FastAPI,2,2,Intermediate
B.Tech IT,3,Statistics,4,6,Advanced
B.Tech ECE,4,Research,2,6,Intermediate
B.Sc Information Technology,4,PostgreSQL,4,2,Advanced
B.Sc Data Science,2,Pandas,1,0,Beginner
BBA,4,Terraform,5,4,Advanced
B.Tech AI & ML,4,Calculus,2,3,Intermediate
B.Com,1,Kubernetes,4,4,Advanced
MBA,1,Apache Spark,2,1,Intermediate
B.Tech ECE,3,Business Analysis,4,4,Advanced
B.Sc Computer Science,4,Apache Spark,4,1,Advanced
B.Tech Data Science,2,Docker,2,0,Beginner
B.Sc Statistics,1,Database Administration,5,3,Advanced
B.Sc Computer Science,4,Database Security,3,3,Intermediate
B.Tech EEE,4,FastAPI,1,0,Beginner
MCA,3,OpenCV,4,1,Advanced
B.Tech Data Science,4,Cybersecurity,4,3,Advanced
M.Sc Data Science,4,Linear Algebra,2,1,Intermediate
B.Tech ECE,1,NLP,3,4,Intermediate
B.Sc Data Science,2,MySQL,1,4,Beginner
B.Tech Data Science,1,SIEM,5,1,Advanced
B.Tech AI & ML,2,Cybersecurity,4,6,Advanced
B.Tech Mechanical,2,Git,1,2,Beginner
B.Sc Mathematics,3,Power BI,1,4,Beginner
B.Sc Statistics,4,NumPy,3,3,Intermediate
M.Sc Computer Science,1,Apache Spark,5,5,Advanced
B.Sc Data Science,1,PostgreSQL,4,1,Intermediate
B.Tech Data Science,2,OOP,1,6,Intermediate
M.Tech,3,OpenCV,3,6,Advanced
M.Sc Statistics,1,Database Security,3,2,Intermediate
B.Tech EEE,2,Calculus,1,2,Intermediate
B.Sc Statistics,3,OOP,3,1,Intermediate
BCA,1,Product Analytics,1,3,Beginner
B.Sc Mathematics,1,Networking,2,1,Intermediate
M.Sc Statistics,3,NumPy,2,3,Intermediate
B.Tech EEE,1,Data Visualization,4,0,Intermediate
B.Tech EEE,3,Incident Response,1,6,Intermediate
M.Sc Statistics,1,Testing,5,3,Advanced
B.Com,4,SQL,4,2,Advanced
B.Tech EEE,1,Database Administration,5,1,Advanced
B.Sc Statistics,1,Business Analysis,2,5,Intermediate
B.Tech Data Science,2,Scikit-learn,2,4,Intermediate
B.Sc Information Technology,4,AWS,4,0,Intermediate
B.Tech Civil,4,Git,4,0,Intermediate
B.Tech Civil,2,Data Warehousing,1,2,Beginner
M.Sc Statistics,4,A/B Testing,5,6,Advanced
B.Tech Civil,1,Pandas,5,3,Advanced
B.Tech Data Science,1,Networking,5,0,Advanced
B.Tech ECE,3,Cybersecurity,3,0,Intermediate
M.Sc Data Science,3,FastAPI,3,0,Intermediate
B.Tech EEE,3,Data Structures,1,2,Beginner
B.Sc Information Technology,4,Backup and Recovery,4,6,Advanced
MBA,1,Deep Learning,5,1,Advanced
B.Sc Computer Science,4,Power BI,4,2,Advanced
B.Com,1,Networking,2,6,Advanced
MBA,1,MySQL,5,2,Advanced
B.Sc Mathematics,4,Apache Spark,4,6,Advanced
B.Tech Civil,4,Linear Algebra,4,3,Advanced
B.Tech Data Science,4,Terraform,4,6,Advanced
B.Sc Statistics,2,Tableau,5,1,Advanced
BCA,1,Terraform,4,2,Intermediate
M.Sc Statistics,3,Networking,5,4,Advanced
MCA,4,Calculus,1,0,Beginner
B.Sc Information Technology,4,Communication,5,2,Advanced
B.Sc Statistics,2,SIEM,5,5,Advanced
B.Tech Mechanical,4,OpenCV,5,1,Advanced
B.Tech Mechanical,4,SQL,1,0,Beginner
B.Tech CSE,2,OOP,3,2,Intermediate
B.Sc Mathematics,2,Tableau,4,0,Intermediate
B.Tech IT,4,Testing,1,6,Intermediate
B.Tech Mechanical,3,PyTorch,3,4,Advanced
B.Tech IT,1,Research,4,3,Advanced
M.Tech,4,Power BI,1,3,Intermediate
B.Tech CSE,3,Testing,4,0,Intermediate
B.Tech Mechanical,4,NLP,3,0,Intermediate
MCA,1,Kubernetes,1,1,Beginner
BBA,3,AWS,1,0,Beginner
B.Sc Computer Science,2,OpenCV,5,5,Advanced
B.Tech EEE,4,FastAPI,1,1,Beginner
M.Tech,2,NLP,1,1,Beginner
B.Sc Statistics,3,Calculus,2,2,Intermediate
M.Tech,3,Docker,2,6,Intermediate
B.Tech Mechanical,4,System Design,4,3,Advanced
B.Tech EEE,1,Scikit-learn,1,5,Intermediate
MBA,2,AWS,2,6,Intermediate
B.Com,2,Transformers,4,5,Advanced
B.Tech CSE,2,Communication,5,4,Advanced
B.Tech AI & ML,1,Linux,1,0,Beginner
B.Tech Civil,3,Statistics,3,5,Advanced
B.Tech IT,1,Statistics,5,2,Advanced
B.Tech IT,2,Kubernetes,5,2,Advanced
B.Sc Data Science,3,Excel,2,5,Intermediate
B.Tech EEE,2,SQL,2,1,Beginner
B.Sc Computer Science,1,CI/CD,3,3,Intermediate
M.Sc Computer Science,3,Networking,4,5,Advanced
M.Sc Computer Science,4,Scikit-learn,5,3,Advanced
B.Sc Information Technology,4,Computer Vision,2,1,Beginner
MBA,3,Python,4,4,Advanced
B.Tech ECE,3,Data Warehousing,5,3,Advanced
M.Sc Data Science,1,Docker,4,2,Advanced
B.Tech AI & ML,1,System Design,1,2,Beginner
B.Sc Information Technology,4,Cryptography,5,4,Advanced
B.Tech AI & ML,2,Git,2,3,Intermediate
B.Tech Data Science,2,Incident Response,4,3,Advanced
M.Sc Computer Science,4,Algorithms,3,3,Intermediate
M.Tech,1,Cybersecurity,3,5,Advanced
B.Sc Information Technology,2,Cybersecurity,5,3,Advanced
B.Tech CSE,3,Cybersecurity,5,1,Advanced
M.Tech,4,Scikit-learn,4,2,Advanced
B.Sc Computer Science,3,REST API,5,6,Advanced
B.Sc Statistics,2,Terraform,5,4,Advanced
B.Tech CSE,4,Data Visualization,2,5,Intermediate
B.Tech Mechanical,3,Research,5,1,Advanced
B.Sc Computer Science,4,OOP,1,1,Beginner
MCA,3,Statistics,4,2,Advanced
M.Sc Computer Science,3,Networking,4,5,Advanced
B.Sc Computer Science,4,Networking,4,1,Advanced
M.Sc Computer Science,2,Cryptography,5,1,Advanced
M.Sc Statistics,4,Python,3,5,Intermediate
B.Tech CSE,4,Excel,5,2,Advanced
B.Sc Data Science,1,Cybersecurity,3,5,Advanced
M.Tech,1,Deep Learning,5,3,Advanced
B.Tech Civil,2,System Design,2,3,Intermediate
B.Tech EEE,2,CI/CD,4,0,Intermediate
B.Tech Data Science,2,System Design,4,4,Advanced
B.Com,4,PostgreSQL,5,4,Advanced
M.Sc Computer Science,3,Apache Spark,3,2,Intermediate
M.Sc Data Science,4,REST API,3,6,Advanced
BCA,4,Communication,1,5,Intermediate
BBA,3,Networking,1,4,Beginner
B.Sc Information Technology,4,Cybersecurity,2,5,Intermediate
M.Tech,2,OOP,5,0,Advanced
BBA,3,Tableau,1,3,Beginner
M.Tech,2,OOP,4,4,Advanced
B.Sc Data Science,4,Linear Algebra,1,5,Intermediate
MBA,1,Web Security,5,3,Advanced
B.Tech IT,2,Scikit-learn,1,2,Beginner
B.Tech EEE,1,Machine Learning,4,5,Advanced
B.Com,3,ETL,4,5,Advanced
BCA,4,Docker,3,0,Intermediate
B.Sc Information Technology,2,Testing,2,2,Intermediate
M.Sc Data Science,2,Machine Learning,1,1,Beginner
BBA,4,Business Analysis,2,0,Beginner
B.Sc Data Science,2,Transformers,1,1,Beginner
M.Sc Computer Science,1,Excel,4,5,Advanced
B.Sc Statistics,2,Algorithms,3,2,Intermediate
B.Tech ECE,2,Testing,3,6,Advanced
B.Sc Data Science,2,Data Warehousing,4,0,Intermediate
B.Tech Data Science,3,Machine Learning,5,0,Advanced
B.Sc Data Science,2,Database Security,1,5,Beginner
B.Tech ECE,3,Product Analytics,3,6,Advanced
M.Sc Statistics,3,CI/CD,5,0,Advanced
B.Tech Mechanical,2,Database Security,1,5,Beginner
M.Sc Data Science,1,Excel,5,2,Advanced
B.Tech CSE,4,Product Analytics,4,3,Advanced
B.Tech EEE,3,Computer Vision,5,0,Advanced
M.Sc Data Science,1,Incident Response,4,2,Advanced
B.Sc Computer Science,4,Machine Learning,5,6,Advanced
B.Tech Data Science,2,Git,1,2,Beginner
MCA,3,Transformers,1,5,Intermediate
MCA,2,Cybersecurity,1,1,Beginner
M.Sc Statistics,2,Cryptography,3,2,Advanced
B.Sc Mathematics,2,Tableau,4,5,Advanced
B.Tech ECE,4,Data Warehousing,4,4,Advanced
B.Tech Civil,1,OpenCV,5,4,Advanced
B.Tech AI & ML,1,Python,3,0,Intermediate
B.Tech AI & ML,2,Tableau,3,5,Intermediate
B.Tech ECE,4,REST API,5,3,Advanced
M.Sc Data Science,2,Deep Learning,4,2,Advanced
MBA,1,Backup and Recovery,2,1,Intermediate
M.Sc Computer Science,4,Cryptography,5,6,Advanced
B.Tech EEE,3,CI/CD,2,6,Intermediate
B.Sc Statistics,1,Tableau,1,6,Intermediate
B.Com,3,Backup and Recovery,5,6,Advanced
B.Com,1,CI/CD,1,5,Intermediate
B.Com,2,NLP,2,6,Intermediate
B.Sc Data Science,2,Terraform,5,6,Advanced
B.Tech Mechanical,2,Product Analytics,4,0,Advanced
B.Tech ECE,2,SQL,5,2,Advanced
MCA,4,OpenCV,2,6,Intermediate
B.Tech Data Science,2,Data Structures,1,0,Beginner
M.Sc Statistics,2,Power BI,5,5,Advanced
M.Sc Statistics,3,Kubernetes,1,2,Beginner
B.Sc Mathematics,4,OpenCV,3,1,Intermediate
BBA,2,Networking,5,3,Advanced
M.Sc Data Science,1,Communication,5,2,Advanced
B.Tech EEE,1,Tableau,4,1,Intermediate
M.Sc Statistics,2,REST API,5,1,Advanced
B.Tech AI & ML,2,Apache Spark,4,1,Intermediate
B.Sc Statistics,2,Communication,2,5,Intermediate
B.Tech AI & ML,2,Computer Vision,1,6,Intermediate
M.Sc Data Science,3,Networking,4,4,Advanced
B.Tech AI & ML,3,Database Security,4,3,Advanced
M.Sc Computer Science,2,Backup and Recovery,4,1,Advanced
B.Tech Civil,1,Data Visualization,1,4,Beginner
M.Sc Statistics,3,Testing,3,4,Advanced
M.Sc Computer Science,2,Networking,5,5,Advanced
B.Tech Mechanical,4,Docker,3,2,Intermediate
BBA,4,Research,2,0,Beginner
MCA,2,Algorithms,4,0,Intermediate
BCA,3,AWS,4,2,Advanced
B.Sc Computer Science,2,Linear Algebra,4,4,Advanced
M.Sc Statistics,4,Linear Algebra,2,0,Beginner
B.Sc Statistics,3,Research,2,1,Intermediate
B.Sc Computer Science,4,Incident Response,3,4,Advanced
M.Tech,1,Algorithms,3,3,Intermediate
B.Tech Mechanical,1,Data Structures,1,5,Intermediate
B.Sc Data Science,1,Linux,4,1,Advanced
M.Sc Statistics,4,Git,2,2,Intermediate
B.Tech EEE,3,Deep Learning,1,2,Beginner
B.Sc Mathematics,4,PyTorch,3,4,Intermediate
B.Tech CSE,3,Communication,1,5,Intermediate
M.Tech,1,Cryptography,1,4,Intermediate
M.Sc Computer Science,4,REST API,4,0,Intermediate
B.Tech IT,4,Research,5,0,Advanced
MCA,2,Pandas,3,2,Intermediate
M.Sc Computer Science,2,OOP,5,2,Advanced
B.Sc Information Technology,3,Cryptography,1,1,Beginner
B.Tech ECE,2,Calculus,4,6,Advanced
B.Tech CSE,2,Apache Spark,4,4,Advanced
M.Sc Computer Science,4,Linux,2,0,Beginner
B.Sc Information Technology,2,MySQL,2,5,Intermediate
B.Sc Data Science,2,REST API,2,4,Intermediate
B.Tech Data Science,1,OOP,4,3,Advanced
B.Com,2,Research,4,6,Advanced
MBA,3,Git,1,0,Beginner
MCA,1,Transformers,5,1,Advanced
M.Sc Computer Science,2,Incident Response,4,6,Advanced
MBA,2,OOP,3,6,Advanced
BBA,1,Git,5,0,Advanced
B.Tech CSE,3,CI/CD,1,4,Beginner
B.Tech Data Science,1,NLP,5,0,Advanced
M.Sc Computer Science,2,Kubernetes,5,6,Advanced
B.Tech Data Science,2,Business Analysis,1,4,Beginner
B.Tech IT,2,Database Administration,3,5,Advanced
B.Sc Statistics,1,Data Structures,3,5,Advanced
B.Tech CSE,3,Product Analytics,3,3,Intermediate
B.Sc Mathematics,4,Computer Vision,1,3,Beginner
B.Tech Data Science,2,SIEM,1,0,Beginner
B.Sc Information Technology,3,Machine Learning,5,0,Advanced
M.Sc Statistics,4,Research,3,0,Intermediate
B.Sc Computer Science,3,Calculus,4,2,Advanced
M.Sc Data Science,1,Algorithms,3,1,Intermediate
M.Sc Computer Science,3,PyTorch,5,1,Advanced
B.Com,3,Data Structures,2,5,Intermediate
B.Tech Mechanical,4,Cybersecurity,3,2,Intermediate
B.Tech Data Science,2,Research,5,5,Advanced
BBA,3,Docker,3,6,Advanced
MBA,4,Product Analytics,2,5,Intermediate
B.Sc Data Science,2,AWS,3,4,Intermediate
M.Sc Data Science,1,A/B Testing,4,4,Advanced
M.Sc Statistics,4,Git,3,1,Intermediate
B.Sc Mathematics,3,Backup and Recovery,3,3,Intermediate
B.Sc Data Science,1,Research,2,1,Beginner
B.Sc Statistics,1,Networking,3,6,Advanced
M.Sc Computer Science,4,Backup and Recovery,2,6,Intermediate
B.Com,1,OpenCV,5,0,Advanced
B.Tech Data Science,2,Linear Algebra,4,1,Intermediate
B.Tech ECE,1,Web Security,2,4,Intermediate
B.Sc Statistics,1,Apache Spark,4,5,Advanced
B.Tech ECE,4,Power BI,5,1,Advanced
B.Tech IT,3,CI/CD,5,6,Advanced
MBA,3,CI/CD,3,3,Intermediate
B.Tech IT,1,Git,4,6,Advanced
B.Tech Mechanical,1,PyTorch,3,6,Advanced
B.Tech Mechanical,3,Data Warehousing,3,6,Advanced
B.Tech CSE,1,Kubernetes,4,0,Intermediate
BCA,4,Kubernetes,4,0,Intermediate
M.Sc Computer Science,1,Data Visualization,3,3,Advanced
B.Com,2,Data Structures,4,4,Intermediate
B.Com,1,Git,4,1,Advanced
B.Sc Statistics,2,Data Warehousing,4,0,Intermediate
M.Sc Computer Science,4,Transformers,5,2,Advanced
B.Sc Mathematics,1,Business Analysis,2,2,Beginner
MBA,1,ETL,5,0,Advanced
M.Sc Data Science,4,Computer Vision,1,1,Beginner
B.Tech ECE,1,Communication,4,5,Advanced
M.Sc Data Science,1,Data Visualization,4,4,Advanced
B.Sc Statistics,2,Statistics,1,2,Beginner
M.Sc Data Science,1,Docker,2,3,Intermediate
B.Com,1,Python,1,2,Beginner
MCA,3,Data Structures,1,2,Beginner
M.Sc Computer Science,3,Transformers,3,3,Intermediate
B.Tech ECE,4,Excel,2,3,Intermediate
M.Sc Statistics,3,Git,5,2,Advanced
B.Tech Mechanical,3,Deep Learning,3,3,Intermediate
B.Com,1,Apache Spark,4,0,Intermediate
MCA,2,Machine Learning,4,1,Advanced
B.Tech AI & ML,1,Data Warehousing,3,3,Intermediate
MBA,2,Cybersecurity,2,5,Intermediate
M.Sc Data Science,3,Scikit-learn,2,1,Beginner
B.Tech CSE,3,Computer Vision,1,2,Beginner
B.Sc Computer Science,3,Scikit-learn,2,3,Intermediate
B.Tech Civil,1,Machine Learning,4,3,Advanced
B.Tech EEE,2,Backup and Recovery,3,5,Advanced
B.Tech Civil,3,Incident Response,1,3,Beginner
B.Tech AI & ML,3,Networking,5,2,Advanced
M.Sc Computer Science,2,AWS,5,0,Advanced
B.Tech EEE,2,CI/CD,4,5,Advanced
B.Tech Mechanical,3,SIEM,5,5,Advanced
B.Sc Data Science,1,Database Administration,2,4,Intermediate
B.Tech Mechanical,3,Incident Response,3,5,Intermediate
B.Tech CSE,3,Testing,2,2,Beginner
M.Sc Computer Science,1,Data Visualization,3,3,Intermediate
BCA,4,Cryptography,4,3,Advanced
B.Sc Mathematics,3,Research,5,2,Advanced
B.Tech EEE,2,Tableau,1,1,Beginner
B.Tech Civil,2,NLP,2,0,Beginner
B.Tech Civil,4,NumPy,3,4,Advanced
B.Sc Computer Science,2,FastAPI,5,0,Advanced
B.Sc Statistics,1,SQL,4,3,Advanced
B.Tech EEE,3,Product Analytics,2,5,Intermediate
B.Tech ECE,1,Web Security,2,1,Intermediate
B.Sc Statistics,4,Excel,4,3,Advanced
B.Tech Data Science,4,Data Structures,3,4,Advanced
BBA,3,PyTorch,4,4,Advanced
M.Tech,3,Terraform,2,5,Intermediate
M.Sc Computer Science,1,Incident Response,5,6,Advanced
B.Tech ECE,4,Linear Algebra,3,5,Intermediate
B.Sc Mathematics,2,Cybersecurity,3,3,Advanced
M.Sc Computer Science,2,NumPy,4,4,Advanced
M.Sc Data Science,4,Database Security,2,2,Intermediate
B.Tech Civil,3,Kubernetes,2,5,Intermediate
B.Sc Computer Science,4,Python,2,3,Intermediate
B.Tech EEE,4,Statistics,5,2,Advanced
BCA,3,NumPy,1,1,Beginner
MCA,2,Testing,4,0,Intermediate
B.Tech Mechanical,1,Apache Spark,5,1,Advanced
B.Sc Mathematics,3,Algorithms,4,1,Advanced
B.Tech EEE,4,Testing,5,5,Advanced
M.Tech,2,Pandas,5,2,Advanced
B.Tech EEE,1,Networking,1,1,Beginner
B.Tech AI & ML,2,Linux,4,6,Advanced
M.Sc Statistics,3,Data Warehousing,1,1,Beginner
B.Sc Mathematics,2,Kubernetes,1,2,Beginner
B.Tech AI & ML,3,AWS,3,2,Intermediate
B.Tech ECE,4,REST API,5,2,Advanced
B.Sc Computer Science,1,Database Security,5,6,Advanced
M.Tech,1,Python,3,2,Intermediate
B.Tech Mechanical,1,Linux,5,2,Advanced
MBA,3,Web Security,4,5,Advanced
B.Tech Data Science,1,Research,4,5,Advanced
MCA,1,AWS,3,2,Intermediate
BBA,2,SQL,2,2,Intermediate
B.Sc Statistics,4,Linux,3,4,Advanced
B.Tech EEE,3,Excel,4,0,Intermediate
B.Sc Statistics,1,AWS,4,3,Advanced
B.Sc Mathematics,4,NumPy,2,2,Intermediate
MCA,4,Incident Response,3,5,Intermediate
B.Sc Computer Science,3,Statistics,3,0,Intermediate
B.Sc Computer Science,4,Cybersecurity,3,3,Intermediate
BCA,4,Docker,2,6,Intermediate
B.Tech Mechanical,1,NumPy,1,1,Beginner
B.Sc Statistics,4,NLP,1,0,Beginner
M.Sc Statistics,4,REST API,1,6,Intermediate
B.Sc Data Science,2,Cryptography,5,3,Advanced
BBA,3,Python,5,2,Advanced
B.Sc Information Technology,4,Kubernetes,1,5,Beginner
M.Sc Computer Science,3,Git,3,2,Intermediate
M.Sc Statistics,3,Scikit-learn,1,5,Intermediate
BCA,1,CI/CD,4,2,Advanced
B.Tech IT,2,Web Security,4,3,Advanced
BCA,4,PyTorch,1,1,Beginner
B.Sc Data Science,3,ETL,4,3,Advanced
B.Sc Computer Science,1,Kubernetes,3,2,Intermediate
B.Sc Information Technology,3,AWS,3,5,Advanced
B.Tech CSE,1,Data Warehousing,1,4,Beginner
M.Sc Data Science,1,Database Administration,1,1,Beginner
BCA,4,PostgreSQL,4,3,Advanced
B.Sc Computer Science,4,Deep Learning,2,6,Intermediate
B.Tech AI & ML,4,CI/CD,2,0,Beginner
B.Tech ECE,2,NLP,3,0,Intermediate
B.Tech CSE,4,Scikit-learn,4,0,Intermediate
B.Com,4,Web Security,1,1,Beginner
MBA,2,Data Structures,2,5,Intermediate
B.Sc Mathematics,2,Testing,5,1,Advanced
B.Sc Computer Science,1,OOP,1,1,Beginner
B.Sc Computer Science,2,Business Analysis,5,5,Advanced
B.Tech Mechanical,3,Cybersecurity,3,6,Advanced
B.Tech EEE,3,SIEM,3,1,Intermediate
B.Tech AI & ML,2,Transformers,1,2,Beginner
B.Tech EEE,2,Algorithms,3,0,Intermediate
B.Sc Data Science,3,Testing,4,1,Intermediate
B.Sc Mathematics,4,Transformers,2,5,Intermediate
MCA,3,Scikit-learn,1,2,Beginner
B.Tech IT,1,Linear Algebra,3,2,Intermediate
B.Tech EEE,3,SIEM,4,1,Intermediate
B.Sc Mathematics,2,Testing,5,2,Advanced
BBA,4,OOP,5,5,Advanced
B.Tech CSE,1,ETL,2,3,Intermediate
MCA,4,Terraform,2,1,Intermediate
B.Sc Computer Science,3,OpenCV,2,5,Intermediate
B.Sc Statistics,2,FastAPI,4,1,Advanced
MBA,2,Kubernetes,4,5,Advanced
B.Com,3,Data Visualization,4,0,Intermediate
B.Sc Statistics,2,Communication,2,5,Intermediate
M.Tech,4,Algorithms,2,3,Intermediate
B.Tech CSE,4,AWS,4,1,Advanced
B.Tech IT,1,REST API,5,0,Advanced
B.Tech AI & ML,2,Research,3,4,Advanced
B.Tech AI & ML,2,Deep Learning,2,1,Intermediate
B.Sc Information Technology,2,Networking,1,0,Beginner
M.Tech,3,OOP,1,3,Beginner
M.Sc Computer Science,1,Research,4,1,Intermediate
M.Tech,1,ETL,3,4,Intermediate
M.Sc Statistics,4,ETL,2,0,Beginner
B.Sc Mathematics,2,A/B Testing,5,0,Advanced
B.Tech Mechanical,2,OpenCV,2,3,Intermediate
B.Sc Statistics,1,Pandas,4,3,Advanced
MBA,4,Statistics,1,4,Intermediate
B.Tech AI & ML,4,Git,1,4,Beginner
B.Tech IT,1,Git,4,6,Advanced
B.Tech Mechanical,1,Pandas,1,1,Beginner
B.Tech ECE,2,Backup and Recovery,4,3,Advanced
B.Tech CSE,1,Product Analytics,4,5,Advanced
B.Sc Computer Science,3,Kubernetes,2,0,Beginner
MBA,4,Docker,5,4,Advanced
B.Tech ECE,4,Python,2,3,Intermediate
B.Tech EEE,3,Product Analytics,4,1,Intermediate
B.Tech IT,3,Database Security,4,0,Intermediate
B.Tech AI & ML,3,Git,3,5,Advanced
BBA,4,FastAPI,1,2,Beginner
MBA,4,PostgreSQL,2,5,Intermediate
B.Com,3,MySQL,5,1,Advanced
B.Tech AI & ML,1,OpenCV,4,5,Advanced
B.Tech Mechanical,2,Apache Spark,3,5,Intermediate
B.Sc Statistics,3,NumPy,2,2,Intermediate
B.Tech Data Science,2,Deep Learning,5,5,Advanced
B.Tech CSE,1,Backup and Recovery,5,6,Advanced
B.Tech Mechanical,3,Power BI,5,6,Advanced
M.Sc Statistics,3,Algorithms,4,0,Intermediate
B.Tech Civil,4,Networking,2,2,Intermediate
M.Sc Statistics,4,REST API,3,3,Intermediate
B.Tech EEE,1,ETL,2,5,Intermediate
B.Tech IT,2,Cryptography,4,5,Advanced
B.Tech Civil,2,NLP,2,6,Advanced
M.Sc Statistics,1,Statistics,5,6,Advanced
B.Sc Statistics,2,Excel,2,6,Intermediate
B.Tech IT,4,Data Structures,1,1,Beginner
M.Sc Data Science,4,Machine Learning,4,0,Intermediate
M.Sc Data Science,2,Apache Spark,5,0,Advanced
B.Tech EEE,3,Backup and Recovery,5,0,Advanced
B.Tech Mechanical,4,System Design,2,0,Beginner
M.Sc Computer Science,4,Database Administration,5,6,Advanced
B.Tech ECE,1,Testing,2,2,Beginner
B.Tech IT,2,Linux,4,5,Advanced
B.Tech EEE,1,OpenCV,5,0,Advanced
B.Sc Mathematics,3,MySQL,5,6,Advanced
B.Tech EEE,4,Apache Spark,2,1,Intermediate
M.Sc Computer Science,3,Linux,4,0,Advanced
B.Sc Information Technology,1,OpenCV,1,1,Beginner
B.Tech Mechanical,3,Calculus,4,4,Intermediate
B.Sc Information Technology,3,Algorithms,3,1,Intermediate
MCA,1,PyTorch,3,1,Intermediate
BBA,3,REST API,5,3,Advanced
M.Sc Statistics,3,Linear Algebra,1,1,Beginner
MBA,4,Cryptography,3,4,Intermediate
B.Com,4,Business Analysis,5,6,Advanced
BBA,3,PostgreSQL,5,3,Advanced
B.Tech Mechanical,1,Calculus,5,2,Advanced
B.Sc Computer Science,4,Excel,5,1,Advanced
M.Tech,2,Statistics,4,3,Advanced
B.Tech ECE,3,Terraform,5,6,Advanced
B.Tech Civil,3,Web Security,1,3,Beginner
B.Com,3,Scikit-learn,3,0,Intermediate
B.Sc Data Science,3,Tableau,4,0,Intermediate
B.Sc Mathematics,3,Research,4,0,Advanced
B.Tech Civil,4,Communication,1,2,Beginner
MCA,2,Web Security,4,5,Advanced
B.Tech Mechanical,1,System Design,2,1,Intermediate
BBA,2,PostgreSQL,5,4,Advanced
B.Tech ECE,1,Linear Algebra,4,2,Advanced
B.Tech AI & ML,2,Data Visualization,1,4,Intermediate
B.Tech CSE,1,Database Administration,3,0,Intermediate
B.Tech IT,1,Database Security,2,6,Advanced
M.Sc Computer Science,4,Cybersecurity,1,3,Beginner
B.Com,1,SIEM,1,5,Intermediate
B.Tech ECE,4,Kubernetes,4,0,Advanced
B.Sc Mathematics,1,Research,2,4,Intermediate
B.Tech EEE,3,Transformers,5,0,Advanced
B.Tech EEE,1,MySQL,4,4,Advanced
B.Tech IT,2,Database Security,3,0,Intermediate
B.Tech Civil,4,Incident Response,3,4,Advanced
BBA,4,Product Analytics,4,1,Advanced
M.Sc Data Science,2,Database Security,2,2,Beginner
B.Tech Data Science,3,Tableau,1,0,Beginner
B.Tech EEE,2,Communication,5,6,Advanced
B.Sc Statistics,4,Excel,1,0,Beginner
B.Tech EEE,2,CI/CD,3,1,Intermediate
B.Tech AI & ML,4,Docker,3,3,Advanced
B.Tech IT,1,Tableau,3,5,Advanced
B.Tech AI & ML,3,Git,5,2,Advanced
M.Tech,2,Git,1,5,Intermediate
B.Tech ECE,2,SIEM,1,1,Beginner
BBA,4,ETL,2,5,Intermediate
MBA,1,A/B Testing,3,3,Intermediate
B.Tech EEE,2,Machine Learning,1,1,Beginner
B.Sc Data Science,2,SQL,3,3,Intermediate
M.Sc Computer Science,3,Cybersecurity,1,0,Beginner
M.Tech,2,Kubernetes,3,6,Advanced
B.Sc Data Science,3,Pandas,5,6,Advanced
B.Tech Mechanical,2,AWS,4,4,Advanced
B.Sc Information Technology,2,Database Administration,1,0,Beginner
B.Sc Mathematics,3,AWS,5,3,Advanced
B.Tech AI & ML,1,Networking,3,3,Intermediate
B.Sc Computer Science,2,Calculus,3,0,Intermediate
B.Sc Computer Science,1,Data Warehousing,1,4,Intermediate
B.Tech Data Science,3,NumPy,1,1,Beginner
B.Tech Civil,1,Calculus,2,3,Intermediate
B.Sc Data Science,1,Backup and Recovery,2,0,Intermediate
B.Sc Information Technology,3,Tableau,3,6,Advanced
B.Sc Information Technology,2,Machine Learning,2,2,Intermediate
B.Sc Computer Science,4,Data Warehousing,2,0,Intermediate
MBA,3,SQL,5,2,Advanced
B.Sc Mathematics,2,PostgreSQL,4,5,Advanced
B.Tech EEE,2,Testing,5,0,Advanced
B.Tech CSE,4,REST API,3,3,Intermediate
BCA,1,Data Warehousing,2,2,Intermediate
B.Sc Statistics,3,Linear Algebra,2,1,Intermediate
M.Sc Data Science,1,Database Security,4,4,Advanced
BCA,1,Statistics,2,0,Beginner
M.Sc Statistics,1,ETL,3,3,Intermediate
MBA,2,OOP,4,6,Advanced
B.Tech CSE,4,Data Visualization,2,1,Intermediate
B.Tech CSE,2,Linux,2,6,Intermediate
M.Sc Statistics,2,Linux,3,5,Advanced
B.Sc Statistics,3,Cryptography,1,1,Beginner
B.Tech ECE,4,Linux,5,6,Advanced
B.Com,1,Data Warehousing,4,4,Advanced
M.Tech,3,FastAPI,2,6,Intermediate
B.Tech ECE,3,ETL,3,1,Intermediate
MCA,4,Pandas,4,2,Advanced
B.Sc Statistics,4,System Design,1,0,Beginner
M.Sc Data Science,1,Pandas,1,0,Beginner
B.Sc Statistics,1,Pandas,5,5,Advanced
M.Sc Data Science,3,SQL,1,2,Beginner
B.Sc Data Science,1,Docker,1,2,Beginner
B.Tech EEE,2,Linux,3,5,Advanced
B.Tech IT,3,Docker,4,6,Advanced
M.Sc Statistics,3,Backup and Recovery,3,0,Intermediate
MCA,1,Computer Vision,4,1,Intermediate
B.Sc Computer Science,4,Statistics,1,3,Intermediate
MCA,4,FastAPI,1,4,Beginner
M.Tech,3,Linear Algebra,4,0,Intermediate
B.Com,1,Communication,2,1,Intermediate
B.Tech ECE,2,Research,5,4,Advanced
M.Tech,2,Product Analytics,3,4,Advanced
M.Sc Data Science,3,Research,1,1,Beginner
B.Sc Information Technology,3,NumPy,2,5,Intermediate
BBA,1,Business Analysis,3,6,Advanced
B.Tech CSE,3,MySQL,2,6,Intermediate
B.Tech ECE,1,SIEM,5,4,Advanced
B.Sc Information Technology,2,Data Warehousing,5,2,Advanced
M.Sc Statistics,3,Database Administration,3,1,Intermediate
MCA,3,ETL,1,0,Beginner
MBA,4,REST API,2,2,Intermediate
B.Tech CSE,3,Incident Response,4,1,Intermediate
B.Tech ECE,4,Power BI,3,3,Intermediate
M.Sc Computer Science,1,Business Analysis,3,5,Advanced
BBA,2,Cryptography,4,1,Intermediate
B.Tech CSE,4,Linear Algebra,1,4,Beginner
M.Sc Statistics,3,Linux,3,3,Intermediate
M.Sc Computer Science,2,Calculus,1,2,Beginner
B.Tech Mechanical,3,SQL,3,0,Intermediate
BCA,4,Machine Learning,5,5,Advanced
B.Sc Information Technology,3,Business Analysis,1,4,Intermediate
B.Sc Information Technology,2,AWS,5,5,Advanced
B.Sc Computer Science,3,Calculus,3,2,Intermediate
M.Sc Data Science,2,Excel,3,4,Intermediate
MBA,4,Database Security,2,0,Beginner
M.Sc Statistics,3,Incident Response,3,2,Intermediate
MBA,4,Computer Vision,1,3,Intermediate
MCA,4,SQL,1,4,Beginner
M.Sc Statistics,4,Apache Spark,5,5,Advanced
B.Sc Computer Science,4,Data Warehousing,5,5,Advanced
M.Sc Data Science,2,Testing,4,2,Intermediate
B.Sc Mathematics,1,System Design,2,0,Intermediate
MBA,1,NumPy,4,4,Advanced
B.Sc Mathematics,3,SIEM,1,6,Beginner
B.Com,1,OOP,2,1,Intermediate
MCA,4,Data Visualization,3,0,Intermediate
B.Com,4,Communication,4,6,Advanced
B.Tech Civil,1,Algorithms,5,4,Advanced
B.Sc Mathematics,3,Data Structures,1,0,Beginner
BCA,2,Linear Algebra,2,5,Advanced
MCA,3,Business Analysis,5,6,Advanced
B.Tech EEE,1,ETL,3,3,Advanced
B.Tech Civil,1,Machine Learning,4,0,Intermediate
M.Sc Statistics,2,Terraform,4,0,Intermediate
M.Tech,4,Database Administration,5,6,Advanced
B.Tech CSE,3,Linear Algebra,1,6,Beginner
B.Sc Data Science,3,Web Security,2,3,Intermediate
B.Tech CSE,3,Cybersecurity,1,4,Intermediate
MCA,4,Terraform,2,0,Beginner
BBA,3,Calculus,5,5,Advanced
B.Tech ECE,1,Docker,5,2,Advanced
BBA,4,OOP,1,5,Intermediate
BBA,1,Scikit-learn,1,0,Beginner
BBA,4,Database Security,2,3,Intermediate
B.Tech CSE,4,Machine Learning,1,2,Beginner
BCA,2,PyTorch,3,4,Advanced
BCA,4,Linux,5,4,Advanced
B.Sc Computer Science,4,Scikit-learn,1,3,Beginner
B.Tech IT,3,FastAPI,4,5,Advanced
MCA,2,NumPy,2,3,Intermediate
B.Sc Computer Science,4,Excel,1,6,Intermediate
B.Com,2,OOP,5,4,Advanced
B.Sc Information Technology,4,REST API,4,2,Intermediate
M.Sc Computer Science,4,Git,2,0,Beginner
B.Com,4,ETL,2,2,Intermediate
B.Tech AI & ML,1,Calculus,4,2,Advanced
MBA,1,Pandas,1,5,Intermediate
M.Sc Computer Science,1,Tableau,4,3,Advanced
M.Sc Computer Science,3,Networking,5,3,Advanced
B.Tech EEE,1,Power BI,5,6,Advanced
BBA,2,SQL,3,0,Intermediate
B.Tech AI & ML,2,ETL,4,0,Intermediate
M.Tech,1,Scikit-learn,1,5,Beginner
M.Sc Statistics,1,Git,1,4,Beginner
MBA,2,Networking,4,0,Intermediate
MBA,1,SQL,5,5,Advanced
B.Sc Data Science,3,Apache Spark,3,1,Intermediate
B.Tech CSE,3,Machine Learning,3,3,Advanced
B.Tech Mechanical,4,Linux,3,0,Intermediate
MBA,3,Machine Learning,2,1,Intermediate
B.Sc Data Science,3,Cybersecurity,1,4,Beginner
BBA,2,Communication,5,1,Advanced
B.Sc Computer Science,1,Kubernetes,2,4,Intermediate
B.Tech AI & ML,3,Data Warehousing,5,2,Advanced
M.Sc Computer Science,2,Algorithms,5,4,Advanced
B.Tech ECE,1,Networking,1,4,Intermediate
B.Sc Statistics,1,OpenCV,1,4,Intermediate
MCA,3,Computer Vision,5,0,Advanced
B.Tech EEE,4,Python,5,6,Advanced
M.Sc Computer Science,4,Algorithms,3,4,Advanced
MBA,3,Apache Spark,2,2,Intermediate
BBA,2,NumPy,3,1,Intermediate
B.Sc Statistics,1,Apache Spark,2,6,Intermediate
MBA,1,System Design,4,0,Intermediate
MCA,4,PostgreSQL,2,5,Intermediate
MBA,2,Networking,5,1,Advanced
B.Sc Data Science,1,Tableau,4,5,Advanced
B.Tech AI & ML,3,Algorithms,4,2,Advanced
MBA,4,Data Structures,2,6,Intermediate
B.Sc Computer Science,4,System Design,3,5,Intermediate
B.Tech EEE,2,Docker,4,4,Intermediate
B.Tech CSE,3,Networking,1,5,Intermediate
B.Tech EEE,2,Statistics,5,6,Advanced
B.Tech Data Science,2,Product Analytics,1,0,Beginner
B.Tech Civil,4,Python,1,1,Beginner
B.Sc Mathematics,2,Product Analytics,3,0,Intermediate
B.Tech ECE,3,Research,3,0,Intermediate
B.Tech Civil,3,Communication,5,6,Advanced
M.Sc Statistics,2,REST API,3,0,Intermediate
M.Tech,2,Deep Learning,2,0,Beginner
B.Tech Mechanical,2,Research,1,3,Intermediate
B.Sc Data Science,3,MySQL,3,6,Advanced
B.Tech Data Science,1,Terraform,2,0,Beginner
B.Sc Data Science,4,OOP,4,5,Advanced
BBA,2,Cryptography,2,4,Intermediate
BBA,4,REST API,1,4,Intermediate
B.Tech Civil,3,Computer Vision,3,1,Intermediate
M.Tech,1,Research,5,6,Advanced
BBA,4,Incident Response,3,1,Intermediate
B.Tech IT,3,Data Structures,4,0,Intermediate
B.Tech EEE,1,Kubernetes,4,0,Intermediate
B.Tech Civil,4,Docker,1,3,Intermediate
B.Sc Statistics,4,REST API,1,0,Beginner
B.Sc Information Technology,3,Pandas,3,3,Intermediate
M.Sc Statistics,3,Deep Learning,1,5,Intermediate
B.Sc Information Technology,3,Backup and Recovery,2,4,Intermediate
B.Com,2,Python,1,2,Beginner
B.Tech CSE,1,Computer Vision,5,4,Advanced
B.Sc Statistics,2,Data Warehousing,5,3,Advanced
B.Sc Statistics,4,PyTorch,3,6,Advanced
B.Com,4,AWS,2,5,Intermediate
B.Tech AI & ML,1,A/B Testing,3,3,Advanced
B.Tech Data Science,2,Product Analytics,5,0,Advanced
B.Com,2,Linux,3,6,Advanced
M.Sc Statistics,3,OOP,3,4,Intermediate
B.Tech ECE,1,SQL,1,1,Beginner
B.Sc Computer Science,4,Database Security,1,5,Beginner
BCA,2,OOP,3,0,Intermediate
B.Sc Computer Science,3,Networking,1,1,Beginner
B.Tech Civil,3,Kubernetes,4,5,Advanced
B.Tech AI & ML,2,Power BI,3,0,Beginner
M.Tech,4,SIEM,4,2,Intermediate
B.Com,3,FastAPI,4,2,Advanced
B.Tech ECE,3,AWS,2,2,Beginner
M.Tech,2,Docker,4,0,Intermediate
M.Sc Statistics,2,PostgreSQL,4,0,Intermediate
BCA,2,Linear Algebra,2,3,Intermediate
B.Tech Mechanical,1,Apache Spark,1,3,Beginner
M.Sc Computer Science,2,OpenCV,4,4,Advanced
B.Tech IT,1,SIEM,5,1,Advanced
B.Tech Civil,2,Database Security,3,1,Intermediate
B.Sc Data Science,1,Data Visualization,3,6,Intermediate
BCA,4,Calculus,5,1,Advanced
B.Tech ECE,2,OOP,3,6,Advanced
B.Tech EEE,4,Linux,3,3,Intermediate
B.Tech IT,4,Research,2,3,Intermediate
BCA,2,Business Analysis,4,2,Advanced
M.Tech,3,OOP,1,3,Beginner
B.Com,3,Research,2,6,Intermediate
BBA,2,Web Security,3,2,Advanced
B.Tech ECE,4,Database Security,2,2,Intermediate
B.Sc Statistics,3,Incident Response,2,6,Intermediate
B.Sc Data Science,3,OpenCV,4,6,Advanced
MCA,4,OpenCV,2,4,Intermediate
BBA,2,Tableau,3,4,Intermediate
M.Tech,2,Web Security,2,6,Intermediate
B.Sc Mathematics,4,SQL,1,5,Intermediate
B.Com,4,ETL,1,4,Intermediate
BCA,3,Database Security,5,4,Advanced
B.Sc Mathematics,4,Data Visualization,3,1,Intermediate
M.Tech,2,Transformers,3,0,Intermediate
B.Tech CSE,1,Statistics,2,4,Intermediate
M.Tech,2,Incident Response,3,6,Advanced
B.Sc Mathematics,1,CI/CD,4,1,Advanced
B.Sc Statistics,4,Apache Spark,2,1,Beginner
B.Tech IT,4,Web Security,1,0,Beginner
B.Sc Information Technology,2,Machine Learning,2,3,Intermediate
M.Sc Computer Science,3,Scikit-learn,5,0,Advanced
B.Sc Statistics,3,ETL,2,4,Intermediate
B.Sc Computer Science,2,OOP,1,3,Intermediate
B.Tech ECE,3,Computer Vision,5,1,Advanced
MBA,1,REST API,5,3,Advanced
B.Tech Civil,4,Deep Learning,1,5,Beginner
B.Sc Information Technology,1,Cryptography,3,0,Intermediate
MCA,1,SQL,2,1,Beginner
B.Sc Data Science,4,A/B Testing,2,1,Intermediate
M.Sc Data Science,1,Product Analytics,3,1,Intermediate
M.Tech,3,Data Structures,4,5,Advanced
BBA,2,Incident Response,5,4,Advanced
B.Tech CSE,2,REST API,1,2,Beginner
B.Sc Data Science,4,AWS,3,5,Advanced
B.Sc Data Science,1,Docker,5,1,Advanced
B.Tech EEE,4,Statistics,1,5,Intermediate
B.Sc Computer Science,3,PyTorch,1,1,Beginner
B.Tech EEE,3,Data Structures,1,1,Beginner
B.Com,1,Testing,2,3,Intermediate
B.Tech ECE,3,Algorithms,4,0,Intermediate
MBA,3,Communication,2,6,Intermediate
B.Sc Statistics,2,Kubernetes,4,4,Advanced
B.Sc Mathematics,1,Data Structures,4,4,Advanced
B.Sc Statistics,4,Tableau,3,5,Intermediate
B.Tech CSE,1,Incident Response,4,0,Intermediate
BCA,3,Docker,2,1,Intermediate
B.Tech Civil,3,Cryptography,5,0,Advanced
M.Sc Computer Science,3,Cybersecurity,5,1,Advanced
M.Sc Computer Science,4,Incident Response,5,3,Advanced
MBA,1,Apache Spark,3,6,Advanced
B.Tech ECE,3,Linear Algebra,4,1,Advanced
M.Tech,3,NumPy,1,0,Beginner
B.Sc Statistics,4,Algorithms,1,0,Beginner
B.Sc Data Science,4,Scikit-learn,3,2,Intermediate
MBA,1,Tableau,3,6,Advanced
B.Com,1,Tableau,3,2,Intermediate
B.Tech Data Science,2,CI/CD,4,6,Advanced
MCA,1,Computer Vision,3,4,Intermediate
M.Sc Data Science,2,Linux,2,1,Intermediate
B.Tech AI & ML,1,Data Visualization,2,4,Intermediate
BCA,2,Python,2,0,Beginner
B.Tech Civil,2,Networking,1,0,Beginner
B.Tech CSE,2,REST API,1,2,Beginner
B.Sc Statistics,2,PostgreSQL,1,4,Beginner
MBA,3,Linux,5,2,Advanced
M.Sc Data Science,3,SIEM,2,0,Intermediate
B.Tech Civil,1,SQL,5,1,Advanced
B.Tech Mechanical,2,Python,2,3,Intermediate
BBA,2,Excel,2,2,Intermediate
M.Tech,3,Database Administration,4,0,Intermediate
M.Sc Data Science,1,Terraform,2,2,Beginner
B.Com,4,Apache Spark,4,0,Advanced
B.Tech EEE,1,NumPy,4,4,Advanced
B.Tech Civil,4,SQL,4,2,Advanced
B.Sc Statistics,2,Calculus,4,3,Advanced
BCA,2,NumPy,2,5,Intermediate
M.Sc Computer Science,2,Data Visualization,4,1,Advanced
B.Tech Data Science,2,Docker,1,3,Beginner
MBA,3,Data Warehousing,5,6,Advanced
B.Com,1,SIEM,1,6,Beginner
B.Sc Mathematics,3,MySQL,1,2,Beginner
B.Sc Information Technology,2,Tableau,5,4,Advanced
M.Sc Data Science,1,Research,4,0,Intermediate
M.Sc Data Science,1,NumPy,2,5,Intermediate
B.Tech IT,4,SQL,2,1,Beginner
B.Sc Mathematics,4,Business Analysis,1,4,Intermediate
B.Com,2,System Design,1,3,Intermediate
M.Sc Statistics,3,PostgreSQL,4,0,Intermediate
B.Tech ECE,3,Statistics,3,6,Advanced
B.Sc Computer Science,4,PyTorch,4,0,Advanced
B.Tech EEE,2,Testing,2,6,Advanced
B.Com,4,Incident Response,4,4,Advanced
B.Tech Data Science,1,Data Structures,1,2,Beginner
B.Sc Computer Science,1,Data Structures,2,2,Intermediate
B.Tech EEE,3,Pandas,2,6,Intermediate
BBA,4,Networking,5,6,Advanced
BBA,2,Python,3,2,Intermediate
M.Sc Statistics,2,Cryptography,3,3,Intermediate
B.Sc Mathematics,4,Research,5,0,Advanced
B.Sc Information Technology,4,System Design,3,2,Advanced
M.Sc Statistics,1,PyTorch,5,0,Advanced
B.Sc Information Technology,1,CI/CD,4,0,Advanced
B.Tech Civil,1,Terraform,1,3,Intermediate
B.Sc Mathematics,4,Database Administration,5,0,Advanced
B.Tech AI & ML,3,Networking,3,5,Advanced
B.Tech ECE,4,Data Structures,5,2,Advanced
MBA,4,PyTorch,1,5,Intermediate
BBA,4,Cybersecurity,5,2,Advanced
B.Sc Information Technology,3,Computer Vision,2,4,Intermediate
BCA,1,Terraform,2,1,Intermediate
B.Tech Mechanical,4,Scikit-learn,4,4,Advanced
M.Sc Statistics,4,MySQL,4,4,Advanced
M.Sc Statistics,1,Cryptography,5,1,Advanced
B.Com,1,FastAPI,5,1,Advanced
MBA,4,ETL,2,6,Intermediate
B.Sc Mathematics,2,Incident Response,4,0,Intermediate
B.Tech Mechanical,3,PyTorch,2,3,Intermediate
MBA,2,Docker,1,0,Beginner
M.Sc Computer Science,3,SIEM,5,1,Advanced
B.Sc Mathematics,3,Incident Response,4,1,Advanced
B.Tech Civil,3,Cybersecurity,1,6,Intermediate
B.Sc Mathematics,3,Incident Response,3,4,Advanced
B.Sc Mathematics,2,Computer Vision,2,0,Beginner
B.Sc Computer Science,4,Transformers,4,3,Advanced
B.Tech Civil,3,Data Warehousing,5,4,Advanced
B.Sc Statistics,2,PyTorch,2,1,Intermediate
B.Tech Data Science,2,Product Analytics,2,0,Beginner
M.Sc Statistics,1,Scikit-learn,1,2,Beginner
B.Tech IT,1,Machine Learning,1,5,Beginner
B.Tech AI & ML,1,Linear Algebra,2,0,Intermediate
B.Sc Mathematics,4,Transformers,1,0,Beginner
MBA,1,Terraform,5,4,Advanced
B.Tech CSE,2,OpenCV,1,0,Beginner
B.Tech EEE,4,OpenCV,1,2,Intermediate
M.Sc Computer Science,1,ETL,1,4,Intermediate
BBA,1,Web Security,3,5,Advanced
MBA,2,Machine Learning,5,5,Advanced
B.Tech ECE,3,Tableau,2,4,Intermediate
M.Sc Computer Science,4,REST API,5,6,Advanced
B.Sc Statistics,4,Linux,2,1,Intermediate
MBA,2,REST API,2,5,Intermediate
B.Tech CSE,1,Docker,1,2,Beginner
B.Sc Data Science,2,Machine Learning,5,1,Intermediate
BBA,4,Transformers,1,6,Intermediate
B.Tech Data Science,2,Web Security,1,1,Beginner
B.Tech Mechanical,4,NLP,5,5,Advanced
B.Tech AI & ML,4,SQL,3,5,Intermediate
B.Com,2,Incident Response,2,4,Intermediate
B.Tech EEE,2,Business Analysis,4,3,Advanced
B.Sc Data Science,3,Incident Response,5,2,Advanced
B.Sc Information Technology,4,Terraform,2,6,Intermediate
B.Tech CSE,3,Web Security,2,5,Intermediate
MBA,4,Web Security,3,6,Advanced
B.Sc Data Science,1,Docker,5,0,Advanced
MBA,1,Docker,4,2,Advanced
M.Tech,3,Linear Algebra,4,6,Advanced
B.Tech AI & ML,1,Python,1,1,Beginner
B.Tech CSE,3,MySQL,2,0,Intermediate
B.Tech Mechanical,3,Excel,2,6,Intermediate
M.Tech,1,AWS,2,3,Intermediate
B.Tech EEE,1,Pandas,1,4,Beginner
M.Tech,4,System Design,1,6,Intermediate
B.Sc Information Technology,4,Product Analytics,3,5,Advanced
MBA,4,System Design,2,5,Intermediate
M.Sc Statistics,2,Calculus,3,4,Intermediate
B.Tech Data Science,4,Database Security,5,6,Advanced
B.Tech CSE,2,Product Analytics,4,3,Advanced
B.Sc Data Science,3,Algorithms,3,5,Advanced
B.Tech AI & ML,3,FastAPI,4,5,Advanced
B.Sc Information Technology,1,Excel,5,0,Advanced
B.Tech EEE,2,Algorithms,1,1,Beginner
MCA,4,SIEM,4,5,Advanced
B.Sc Data Science,4,Power BI,1,3,Beginner
M.Sc Statistics,1,Linear Algebra,1,6,Intermediate
B.Sc Mathematics,1,Linear Algebra,1,4,Beginner
B.Tech EEE,2,REST API,4,2,Advanced
MCA,4,Computer Vision,2,5,Intermediate
BCA,1,NumPy,1,3,Beginner
MCA,2,Scikit-learn,4,1,Intermediate
MCA,1,MySQL,3,4,Intermediate
B.Tech ECE,1,PyTorch,2,2,Intermediate
B.Com,1,Linear Algebra,4,3,Advanced
M.Sc Statistics,4,MySQL,1,3,Beginner
B.Tech Mechanical,4,Cybersecurity,3,3,Intermediate
BBA,2,NumPy,1,5,Intermediate
B.Com,4,NumPy,4,6,Advanced
B.Tech Mechanical,1,Statistics,3,5,Intermediate
M.Sc Computer Science,2,PostgreSQL,3,2,Advanced
MCA,3,Database Security,1,0,Beginner
M.Tech,1,Apache Spark,3,5,Intermediate
MBA,3,Database Security,3,0,Intermediate
B.Tech ECE,4,Incident Response,2,4,Intermediate
B.Sc Statistics,1,Docker,2,3,Intermediate
B.Tech ECE,3,MySQL,4,5,Advanced
M.Sc Statistics,3,Database Security,2,1,Beginner
B.Sc Data Science,2,Pandas,1,5,Beginner
B.Sc Statistics,1,Scikit-learn,5,0,Advanced
BBA,3,NumPy,2,0,Beginner
B.Tech AI & ML,1,Power BI,3,2,Intermediate
B.Tech CSE,2,NLP,1,2,Intermediate
B.Tech CSE,2,Linear Algebra,5,1,Advanced
MCA,3,Pandas,3,0,Beginner
B.Tech CSE,1,Transformers,1,3,Beginner
B.Sc Data Science,4,Database Administration,2,5,Intermediate
B.Sc Statistics,2,Transformers,3,0,Intermediate
B.Tech Civil,3,Communication,4,5,Advanced
B.Sc Mathematics,1,Linux,2,5,Intermediate
B.Tech AI & ML,1,FastAPI,2,0,Intermediate
B.Tech Mechanical,4,Research,3,5,Advanced
M.Sc Statistics,4,PostgreSQL,1,5,Intermediate
B.Tech AI & ML,1,A/B Testing,4,4,Advanced
B.Tech Data Science,2,Git,5,4,Advanced
MBA,1,Linear Algebra,1,1,Beginner
M.Sc Statistics,2,Apache Spark,5,2,Advanced
BBA,1,Excel,2,5,Intermediate
MBA,3,Cryptography,3,2,Intermediate
BBA,2,AWS,2,1,Intermediate
B.Sc Information Technology,1,Product Analytics,1,0,Beginner
M.Sc Statistics,3,A/B Testing,1,6,Intermediate
B.Sc Mathematics,3,System Design,2,4,Intermediate
B.Com,4,PostgreSQL,2,3,Intermediate
M.Sc Data Science,1,Cybersecurity,4,0,Intermediate
M.Sc Data Science,3,MySQL,4,3,Advanced
B.Sc Information Technology,2,Calculus,5,1,Advanced
B.Tech EEE,3,Backup and Recovery,3,2,Intermediate
B.Sc Statistics,1,PyTorch,1,0,Beginner
BBA,4,OOP,1,5,Intermediate
B.Tech AI & ML,3,Cryptography,4,4,Advanced
B.Tech EEE,2,Tableau,1,2,Beginner
B.Sc Data Science,2,MySQL,4,4,Advanced
M.Sc Statistics,4,ETL,4,0,Intermediate
B.Tech AI & ML,1,OpenCV,1,5,Intermediate
MBA,2,CI/CD,3,4,Advanced
B.Tech ECE,3,Algorithms,4,2,Intermediate
B.Sc Computer Science,4,Apache Spark,2,2,Intermediate
B.Tech IT,1,OOP,5,0,Advanced
B.Sc Data Science,3,Git,1,3,Beginner
B.Tech IT,1,Computer Vision,1,1,Beginner
MCA,2,Git,3,5,Advanced
B.Sc Mathematics,1,Incident Response,5,2,Advanced
M.Sc Data Science,1,OOP,5,1,Advanced
BCA,2,OpenCV,1,2,Beginner
B.Tech Civil,3,NumPy,1,5,Intermediate
B.Tech ECE,2,Cybersecurity,5,3,Advanced
M.Tech,4,Communication,1,4,Intermediate
B.Tech CSE,3,Statistics,4,5,Advanced
B.Tech AI & ML,2,Python,3,2,Intermediate
M.Tech,3,Networking,1,3,Beginner
B.Tech AI & ML,4,MySQL,3,3,Advanced
B.Tech Mechanical,1,Machine Learning,1,1,Beginner
B.Sc Mathematics,3,PostgreSQL,4,0,Intermediate
B.Tech Mechanical,2,A/B Testing,1,3,Intermediate
B.Sc Data Science,3,Algorithms,4,0,Intermediate
B.Sc Mathematics,1,Backup and Recovery,4,0,Intermediate
M.Tech,1,Computer Vision,4,0,Advanced
B.Tech ECE,2,System Design,1,1,Beginner
BBA,1,Cryptography,5,5,Advanced
M.Tech,3,Data Structures,4,6,Advanced
B.Com,4,Git,5,2,Advanced
B.Tech CSE,3,Scikit-learn,2,4,Intermediate
M.Sc Data Science,1,Excel,5,4,Advanced
B.Tech AI & ML,3,Git,1,1,Beginner
BCA,2,REST API,5,0,Advanced
B.Tech Data Science,2,Database Administration,1,6,Intermediate
B.Tech Civil,2,Terraform,1,4,Beginner
MCA,3,Database Administration,3,1,Intermediate
B.Tech Data Science,1,AWS,2,1,Intermediate
B.Tech Data Science,4,Git,1,6,Intermediate
B.Tech EEE,2,Machine Learning,3,1,Intermediate
B.Com,3,OpenCV,4,1,Intermediate
M.Sc Data Science,1,System Design,5,0,Intermediate
B.Tech ECE,1,Cybersecurity,5,2,Advanced
B.Tech AI & ML,3,PyTorch,4,3,Advanced
B.Tech Mechanical,4,Backup and Recovery,5,6,Advanced
B.Sc Information Technology,4,System Design,1,2,Beginner
M.Sc Statistics,2,Apache Spark,1,1,Beginner
B.Sc Data Science,3,Communication,3,5,Advanced
BBA,1,Calculus,5,5,Advanced
B.Tech Data Science,3,A/B Testing,5,6,Advanced
B.Tech AI & ML,4,Data Warehousing,1,3,Beginner
BBA,1,Cryptography,1,1,Beginner
B.Tech Civil,3,MySQL,3,1,Intermediate
B.Com,3,OpenCV,2,6,Intermediate
B.Tech CSE,1,Kubernetes,3,5,Intermediate
BBA,3,Cryptography,5,0,Intermediate
M.Tech,1,Scikit-learn,1,3,Intermediate
B.Sc Information Technology,4,SIEM,1,3,Intermediate
B.Sc Statistics,1,Docker,4,4,Advanced
M.Sc Computer Science,2,Database Administration,3,5,Advanced
BCA,2,OOP,5,4,Advanced
BBA,4,Tableau,2,1,Beginner
BBA,1,Research,2,2,Intermediate
B.Tech Mechanical,2,Business Analysis,4,1,Intermediate
B.Tech ECE,4,Computer Vision,5,0,Advanced
B.Sc Mathematics,4,Backup and Recovery,2,3,Intermediate
M.Sc Computer Science,1,Linear Algebra,1,2,Intermediate
B.Sc Information Technology,3,Git,2,2,Intermediate
B.Tech AI & ML,4,Testing,5,1,Advanced
BCA,4,Deep Learning,1,6,Intermediate
MCA,3,Terraform,1,1,Beginner
MBA,4,Pandas,5,0,Advanced
B.Sc Mathematics,4,Data Visualization,5,3,Advanced
M.Sc Data Science,1,REST API,5,0,Advanced
B.Tech Mechanical,2,Testing,1,1,Beginner
B.Tech CSE,2,Research,2,6,Advanced
M.Tech,3,Excel,4,3,Advanced
B.Sc Mathematics,2,Data Warehousing,1,2,Beginner
B.Tech CSE,2,Data Visualization,2,2,Beginner
M.Tech,4,PyTorch,2,5,Intermediate
B.Tech IT,3,SQL,1,2,Beginner
B.Com,2,Linux,1,0,Beginner
MBA,3,Database Administration,5,3,Advanced
B.Sc Computer Science,4,OOP,2,6,Intermediate
B.Tech EEE,2,OOP,5,5,Advanced
BBA,2,Calculus,3,1,Intermediate
B.Sc Information Technology,2,PyTorch,5,4,Advanced
B.Tech Mechanical,4,Database Security,5,0,Advanced
MBA,1,Cybersecurity,1,2,Beginner
B.Com,3,Kubernetes,2,6,Intermediate
B.Tech ECE,3,Data Visualization,2,3,Intermediate
B.Sc Information Technology,4,Power BI,3,2,Intermediate
B.Tech AI & ML,4,Data Structures,3,6,Advanced
B.Tech Mechanical,3,NLP,5,5,Advanced
BCA,3,Kubernetes,4,6,Advanced
B.Tech CSE,4,FastAPI,2,4,Intermediate
M.Sc Data Science,4,Power BI,1,2,Beginner
B.Sc Information Technology,2,Testing,3,6,Intermediate
M.Sc Data Science,1,Statistics,1,2,Beginner
B.Tech EEE,3,Networking,3,4,Intermediate
B.Sc Mathematics,2,CI/CD,1,0,Beginner
B.Com,2,Deep Learning,3,1,Intermediate
B.Sc Data Science,1,A/B Testing,4,0,Intermediate
MCA,3,Database Administration,3,2,Intermediate
M.Sc Data Science,1,Linux,5,0,Advanced
B.Sc Information Technology,4,Kubernetes,4,2,Advanced
M.Sc Data Science,1,Database Security,2,6,Intermediate
B.Tech Data Science,1,CI/CD,2,0,Intermediate
B.Tech ECE,4,Web Security,3,0,Intermediate
BCA,3,Data Structures,3,1,Advanced
B.Tech ECE,2,Calculus,4,5,Advanced
B.Tech CSE,4,Linear Algebra,1,1,Beginner
B.Tech ECE,4,Data Warehousing,3,4,Advanced
BCA,1,PostgreSQL,5,2,Advanced
MCA,3,Cryptography,5,3,Advanced
MCA,4,Product Analytics,5,6,Advanced
M.Sc Computer Science,4,Calculus,4,4,Advanced
B.Tech IT,2,Communication,3,1,Intermediate
B.Tech CSE,3,A/B Testing,4,2,Advanced
B.Com,4,Communication,1,4,Beginner
B.Sc Statistics,4,Cybersecurity,3,6,Advanced
BBA,1,Networking,3,4,Advanced
B.Com,2,Deep Learning,1,5,Intermediate
MCA,4,CI/CD,1,6,Intermediate
B.Tech ECE,1,Statistics,2,2,Intermediate
MBA,1,Deep Learning,2,0,Beginner
B.Sc Mathematics,4,Linear Algebra,4,3,Intermediate
B.Sc Data Science,2,PyTorch,1,2,Beginner
B.Sc Information Technology,1,Networking,3,4,Intermediate
B.Tech EEE,2,Product Analytics,4,4,Advanced
B.Tech Civil,1,REST API,2,6,Advanced
B.Tech IT,1,Linear Algebra,2,6,Intermediate
BBA,2,MySQL,4,6,Advanced
B.Sc Data Science,2,System Design,2,2,Intermediate
MCA,3,System Design,1,1,Beginner
B.Sc Computer Science,3,Docker,3,4,Advanced
BCA,1,Computer Vision,5,1,Intermediate
B.Tech AI & ML,1,SQL,3,2,Intermediate
B.Sc Data Science,1,Data Warehousing,5,1,Advanced
B.Sc Data Science,1,Deep Learning,5,2,Advanced
B.Tech Civil,4,Networking,1,2,Beginner
M.Sc Data Science,2,Transformers,2,0,Beginner
B.Tech Mechanical,2,Excel,4,5,Advanced
B.Tech ECE,3,FastAPI,4,3,Intermediate
M.Sc Data Science,3,Research,4,5,Advanced
BCA,1,Data Warehousing,5,1,Advanced
M.Sc Computer Science,1,Networking,5,0,Intermediate
M.Sc Computer Science,1,Transformers,3,0,Intermediate
B.Sc Statistics,1,Research,4,4,Advanced
BCA,3,PyTorch,1,6,Intermediate
B.Tech EEE,2,Deep Learning,5,4,Advanced
B.Tech Civil,1,Testing,4,2,Advanced
B.Tech Data Science,3,AWS,3,0,Intermediate
BBA,1,Cryptography,3,3,Intermediate
B.Sc Mathematics,1,Deep Learning,3,3,Intermediate
BBA,4,REST API,1,5,Beginner
BBA,3,Database Security,3,2,Intermediate
M.Sc Statistics,1,Transformers,4,0,Intermediate
B.Tech EEE,1,Product Analytics,5,2,Advanced
B.Sc Statistics,1,PyTorch,1,5,Beginner
B.Tech AI & ML,4,A/B Testing,1,1,Beginner
B.Tech EEE,3,Transformers,1,5,Intermediate
M.Sc Data Science,3,FastAPI,5,3,Advanced
B.Tech Data Science,4,NumPy,2,2,Intermediate
B.Tech AI & ML,2,Python,4,1,Intermediate
B.Tech AI & ML,2,AWS,4,0,Intermediate
B.Tech Mechanical,4,CI/CD,5,5,Advanced
B.Tech Data Science,1,Calculus,4,6,Advanced
M.Tech,4,Linux,4,1,Intermediate
MBA,2,Apache Spark,3,3,Advanced
B.Tech IT,4,CI/CD,2,2,Beginner
B.Tech CSE,2,Research,5,5,Advanced
BBA,2,Testing,1,0,Beginner
B.Tech CSE,3,OOP,1,4,Beginner
BCA,3,MySQL,1,5,Intermediate
B.Tech CSE,1,System Design,5,2,Advanced
B.Sc Mathematics,3,Data Structures,3,5,Advanced
M.Sc Computer Science,2,Statistics,5,3,Advanced
B.Tech Mechanical,1,Business Analysis,2,5,Intermediate
BCA,4,PostgreSQL,4,4,Advanced
B.Tech EEE,2,Git,5,4,Advanced
B.Sc Data Science,2,Data Structures,3,0,Intermediate
B.Tech CSE,3,Tableau,1,0,Beginner
B.Tech CSE,4,Deep Learning,2,5,Intermediate
B.Tech IT,3,Incident Response,3,0,Intermediate
M.Tech,3,Testing,1,4,Intermediate
M.Sc Data Science,3,Backup and Recovery,5,5,Advanced
B.Tech CSE,2,OpenCV,3,0,Intermediate
B.Tech IT,2,Product Analytics,1,3,Beginner
B.Sc Statistics,4,Product Analytics,4,6,Advanced
B.Tech ECE,4,Cryptography,1,1,Beginner
B.Sc Information Technology,1,SIEM,2,0,Beginner
B.Sc Statistics,2,AWS,4,3,Advanced
B.Tech EEE,2,Apache Spark,1,3,Beginner
B.Sc Data Science,3,Testing,5,6,Advanced
B.Tech AI & ML,1,Backup and Recovery,1,0,Beginner
B.Tech CSE,3,ETL,5,1,Advanced
B.Sc Data Science,3,Backup and Recovery,1,5,Intermediate
M.Sc Data Science,3,Testing,5,5,Advanced
BBA,3,Incident Response,3,2,Intermediate
M.Tech,2,OpenCV,1,5,Intermediate
B.Tech EEE,2,PyTorch,3,6,Advanced
B.Sc Computer Science,2,Cryptography,1,1,Beginner
B.Sc Mathematics,1,Python,1,2,Beginner
B.Sc Information Technology,3,Machine Learning,4,5,Advanced
B.Tech CSE,3,Backup and Recovery,5,5,Advanced
B.Tech AI & ML,1,PostgreSQL,4,2,Advanced
M.Sc Statistics,4,Data Structures,1,6,Beginner
B.Tech Mechanical,4,Machine Learning,2,3,Intermediate
B.Tech Data Science,1,A/B Testing,2,5,Intermediate
BCA,2,OpenCV,4,6,Advanced
MBA,2,Data Warehousing,4,0,Advanced
B.Tech Data Science,2,Database Security,4,5,Advanced
BBA,4,ETL,5,4,Advanced
M.Sc Computer Science,1,Communication,3,4,Advanced
B.Sc Statistics,1,Excel,4,1,Intermediate
B.Tech Civil,3,Research,1,4,Beginner
M.Sc Data Science,4,AWS,1,3,Beginner
BBA,2,Web Security,1,3,Beginner
M.Sc Computer Science,3,Research,4,6,Advanced
B.Tech Mechanical,4,Computer Vision,5,5,Advanced
B.Tech AI & ML,3,Linear Algebra,5,0,Advanced
B.Com,4,Scikit-learn,2,2,Beginner
B.Sc Computer Science,1,ETL,3,6,Advanced
B.Com,4,Power BI,4,4,Advanced
B.Tech EEE,1,Incident Response,5,4,Advanced
MBA,1,FastAPI,5,2,Advanced
B.Tech EEE,2,Backup and Recovery,2,1,Beginner
B.Sc Statistics,1,Data Structures,3,6,Advanced
BBA,1,AWS,4,6,Advanced
B.Tech EEE,4,Excel,5,5,Advanced
M.Tech,1,SQL,4,1,Intermediate
B.Sc Mathematics,3,System Design,5,0,Advanced
B.Sc Computer Science,3,Linux,3,6,Intermediate
M.Tech,4,Scikit-learn,4,4,Advanced
B.Sc Mathematics,3,Tableau,4,2,Intermediate
M.Sc Computer Science,2,Calculus,3,1,Intermediate
MCA,4,Git,3,3,Advanced
B.Sc Data Science,3,Transformers,5,1,Advanced
B.Sc Information Technology,1,OpenCV,1,6,Beginner
B.Sc Information Technology,4,Scikit-learn,2,5,Intermediate
M.Sc Computer Science,1,SQL,2,3,Beginner
B.Tech EEE,1,OOP,3,4,Advanced
B.Tech Civil,1,AWS,4,0,Intermediate
B.Sc Information Technology,1,NLP,1,6,Intermediate
M.Sc Statistics,1,Cryptography,1,5,Intermediate
M.Sc Data Science,2,OpenCV,4,0,Intermediate
B.Tech EEE,1,Linear Algebra,1,4,Intermediate
B.Sc Computer Science,3,AWS,2,0,Intermediate
M.Sc Computer Science,3,Business Analysis,2,4,Intermediate
B.Tech Data Science,2,Database Security,4,0,Intermediate
M.Sc Computer Science,1,Data Visualization,4,5,Advanced
B.Tech Data Science,2,AWS,4,0,Advanced
B.Tech AI & ML,1,Python,4,1,Advanced
B.Tech IT,1,Testing,5,5,Advanced
B.Tech CSE,4,PostgreSQL,2,6,Intermediate
B.Tech IT,1,MySQL,2,6,Intermediate
M.Sc Statistics,3,Backup and Recovery,5,6,Advanced
M.Sc Data Science,1,Excel,2,1,Beginner
M.Sc Computer Science,4,Linear Algebra,2,0,Intermediate
B.Tech AI & ML,1,Business Analysis,1,2,Beginner
BCA,1,Algorithms,3,3,Advanced
B.Sc Data Science,2,Excel,4,6,Advanced
MCA,3,Machine Learning,4,0,Advanced
B.Sc Information Technology,1,Git,1,6,Intermediate
BCA,4,Calculus,2,2,Intermediate
B.Sc Computer Science,3,NumPy,5,0,Advanced
B.Tech IT,4,NumPy,1,3,Beginner
M.Sc Statistics,4,Excel,3,2,Intermediate
B.Tech Data Science,2,OpenCV,2,1,Beginner
MCA,2,OpenCV,2,2,Beginner
M.Tech,4,Docker,2,4,Intermediate
B.Tech Data Science,1,Deep Learning,2,5,Intermediate
M.Sc Statistics,4,Git,4,1,Advanced
B.Sc Data Science,3,Backup and Recovery,4,5,Advanced
BCA,1,Statistics,1,1,Beginner
B.Tech Mechanical,2,Transformers,5,0,Advanced
B.Tech EEE,2,Linux,1,5,Intermediate
B.Tech AI & ML,3,Backup and Recovery,5,2,Advanced
BBA,1,Machine Learning,5,6,Advanced
B.Tech Data Science,4,Communication,1,2,Beginner
B.Tech AI & ML,2,NumPy,4,0,Intermediate
B.Tech Data Science,3,Data Visualization,4,2,Advanced
B.Tech IT,2,SIEM,1,1,Intermediate
M.Sc Data Science,3,Networking,5,0,Advanced
B.Sc Computer Science,3,Transformers,2,5,Intermediate
B.Com,2,OOP,3,2,Intermediate
B.Sc Mathematics,4,A/B Testing,1,3,Beginner
B.Tech EEE,1,Deep Learning,2,2,Intermediate
M.Sc Computer Science,2,Web Security,1,4,Beginner
B.Tech ECE,3,OpenCV,2,0,Beginner
M.Sc Computer Science,2,NLP,3,3,Intermediate
B.Com,2,Networking,3,1,Intermediate
B.Tech ECE,4,NLP,1,4,Intermediate
M.Sc Data Science,1,Computer Vision,3,2,Intermediate
MCA,3,Excel,3,0,Intermediate
B.Tech AI & ML,4,Scikit-learn,4,4,Advanced
B.Tech IT,2,A/B Testing,2,2,Intermediate
B.Tech IT,3,Machine Learning,1,1,Beginner
M.Sc Computer Science,2,Cryptography,3,1,Intermediate
MCA,4,PostgreSQL,2,2,Intermediate
B.Tech Mechanical,1,Data Warehousing,3,1,Intermediate
B.Tech AI & ML,3,Research,3,4,Advanced
MBA,4,Product Analytics,3,5,Intermediate
B.Tech CSE,4,PostgreSQL,5,6,Advanced
B.Sc Statistics,3,Product Analytics,4,3,Advanced
B.Tech Civil,1,Scikit-learn,5,1,Advanced
B.Tech IT,2,Algorithms,5,4,Advanced
B.Sc Information Technology,4,Incident Response,1,2,Beginner
B.Tech Data Science,2,FastAPI,1,5,Intermediate
B.Tech Data Science,4,Terraform,4,0,Advanced
BCA,4,Transformers,5,2,Advanced
B.Sc Information Technology,1,A/B Testing,3,4,Intermediate
B.Tech AI & ML,1,SIEM,4,5,Advanced
B.Tech CSE,4,Database Security,5,0,Intermediate
B.Com,4,ETL,2,6,Intermediate
B.Sc Information Technology,1,Pandas,4,5,Advanced
B.Sc Mathematics,4,Linux,3,1,Intermediate
M.Tech,3,Business Analysis,2,0,Beginner
MBA,3,Calculus,3,4,Advanced
B.Tech AI & ML,4,Algorithms,4,3,Advanced
M.Sc Computer Science,4,CI/CD,4,2,Advanced
B.Sc Data Science,4,Kubernetes,4,4,Advanced
B.Tech AI & ML,2,Excel,4,1,Intermediate
B.Sc Statistics,1,Tableau,4,6,Advanced
B.Com,2,Communication,1,0,Beginner
MCA,2,Linux,3,4,Advanced
B.Tech ECE,1,Transformers,3,6,Advanced
M.Tech,2,SQL,4,1,Advanced
B.Tech Data Science,1,Python,2,3,Intermediate
MBA,3,SQL,5,4,Advanced
B.Tech Mechanical,1,Research,4,2,Advanced
B.Sc Computer Science,4,Networking,5,4,Advanced
B.Tech EEE,2,NLP,5,0,Advanced
B.Tech Data Science,1,Product Analytics,1,5,Beginner
B.Tech Data Science,1,OpenCV,5,2,Advanced
B.Tech Mechanical,1,Apache Spark,1,3,Intermediate
B.Sc Information Technology,4,Docker,2,6,Intermediate
M.Sc Data Science,2,Linux,4,5,Advanced
B.Tech Mechanical,4,Web Security,1,4,Intermediate
B.Tech AI & ML,3,Data Visualization,1,0,Beginner
M.Sc Computer Science,4,Networking,3,5,Advanced
B.Sc Data Science,3,FastAPI,5,5,Advanced
M.Sc Statistics,3,Product Analytics,2,4,Intermediate
MCA,2,Database Administration,1,4,Beginner
M.Sc Statistics,3,Computer Vision,2,2,Intermediate
B.Tech Civil,4,MySQL,3,0,Intermediate
B.Tech EEE,2,FastAPI,5,2,Advanced
B.Sc Statistics,3,Research,1,0,Beginner
B.Sc Data Science,3,A/B Testing,2,0,Intermediate
B.Tech CSE,2,REST API,1,1,Intermediate
B.Sc Mathematics,3,Business Analysis,4,3,Advanced
M.Sc Statistics,4,Research,1,1,Beginner
B.Tech EEE,3,REST API,4,0,Advanced
M.Sc Computer Science,1,Web Security,4,1,Advanced
B.Sc Information Technology,2,PostgreSQL,5,1,Advanced
MCA,3,Git,1,2,Beginner
B.Tech ECE,4,OpenCV,4,2,Advanced
B.Tech Mechanical,4,Cybersecurity,1,0,Beginner
B.Tech Data Science,1,CI/CD,3,1,Intermediate
B.Com,3,NumPy,1,0,Beginner
M.Sc Data Science,2,Linux,2,1,Beginner
MCA,4,Tableau,1,2,Beginner
B.Sc Computer Science,2,FastAPI,5,2,Advanced
BCA,1,Docker,2,3,Intermediate
B.Tech ECE,1,Kubernetes,5,5,Advanced
BCA,4,Business Analysis,4,4,Advanced
B.Tech IT,2,Web Security,1,3,Beginner
B.Tech Data Science,1,Calculus,1,2,Beginner
B.Com,2,Data Warehousing,5,5,Advanced
MCA,2,Scikit-learn,5,1,Advanced
M.Sc Statistics,1,Statistics,1,3,Intermediate
M.Sc Computer Science,4,Networking,2,3,Beginner
B.Tech CSE,4,Data Visualization,5,1,Advanced
B.Sc Information Technology,2,SQL,2,6,Intermediate
M.Sc Computer Science,1,PyTorch,4,3,Intermediate
M.Sc Statistics,3,Testing,3,2,Intermediate
B.Tech Data Science,3,Database Administration,3,3,Intermediate
B.Tech ECE,3,Power BI,2,6,Intermediate
B.Sc Statistics,2,OpenCV,1,5,Intermediate
M.Sc Computer Science,1,PostgreSQL,4,1,Advanced
B.Tech Civil,1,Backup and Recovery,1,2,Beginner
B.Tech ECE,4,FastAPI,5,0,Advanced
B.Tech ECE,2,Research,4,5,Advanced
MBA,4,OOP,1,2,Beginner
B.Com,4,CI/CD,5,5,Advanced
B.Sc Information Technology,4,Algorithms,5,0,Advanced
B.Tech Mechanical,1,Machine Learning,2,1,Intermediate
B.Tech CSE,4,Kubernetes,2,2,Beginner
B.Tech ECE,1,Pandas,3,3,Advanced
M.Sc Computer Science,2,OOP,1,6,Intermediate
BBA,4,Git,4,4,Advanced
B.Tech AI & ML,4,Data Structures,2,1,Intermediate
B.Tech Mechanical,2,Transformers,4,6,Advanced
M.Sc Data Science,3,Deep Learning,1,3,Beginner
MBA,3,Cryptography,3,3,Intermediate
B.Com,2,Excel,2,2,Beginner
M.Sc Statistics,1,Cryptography,5,4,Advanced
B.Tech EEE,2,OOP,4,0,Intermediate
B.Tech ECE,1,Apache Spark,2,5,Intermediate
M.Sc Data Science,1,Statistics,1,3,Beginner
M.Sc Statistics,2,Calculus,5,1,Advanced
B.Sc Data Science,4,A/B Testing,3,3,Intermediate
M.Sc Data Science,2,Pandas,2,4,Intermediate
B.Tech AI & ML,4,ETL,2,5,Intermediate
B.Sc Statistics,1,Transformers,5,6,Advanced
B.Tech Mechanical,3,Tableau,3,4,Intermediate
M.Sc Statistics,4,Linear Algebra,4,6,Advanced
B.Tech Data Science,3,Machine Learning,5,6,Advanced
B.Tech AI & ML,3,ETL,4,2,Advanced
B.Tech AI & ML,2,Pandas,1,0,Beginner
B.Tech EEE,2,Pandas,1,0,Beginner
B.Tech Mechanical,1,FastAPI,3,4,Advanced
B.Tech CSE,4,Database Security,5,4,Advanced
B.Sc Information Technology,1,CI/CD,5,3,Advanced
B.Sc Information Technology,3,NumPy,4,4,Advanced
B.Tech Civil,3,Cryptography,5,5,Advanced
B.Tech ECE,4,Linux,5,0,Advanced
B.Tech Mechanical,4,Git,1,4,Intermediate
B.Sc Information Technology,1,Product Analytics,1,3,Beginner
MBA,1,PyTorch,3,0,Intermediate
B.Tech Civil,4,Communication,4,1,Intermediate
MCA,1,Networking,3,5,Intermediate
B.Sc Statistics,3,Networking,4,4,Advanced
M.Sc Computer Science,3,CI/CD,3,3,Intermediate
B.Tech Civil,2,Database Administration,4,4,Advanced
M.Sc Data Science,3,PyTorch,4,6,Advanced
M.Sc Statistics,4,Computer Vision,3,1,Intermediate
B.Sc Mathematics,4,Communication,4,2,Intermediate
B.Tech IT,3,Python,2,6,Advanced
BBA,1,Data Structures,3,3,Intermediate
B.Tech EEE,3,Incident Response,3,3,Intermediate
M.Sc Computer Science,3,Linear Algebra,4,0,Intermediate
B.Tech Mechanical,4,Computer Vision,3,4,Advanced
B.Tech AI & ML,3,Data Warehousing,1,4,Intermediate
B.Tech Civil,3,NLP,1,2,Beginner
MBA,2,Database Security,5,4,Advanced
B.Tech Civil,3,Kubernetes,5,0,Advanced
B.Tech AI & ML,4,Tableau,1,0,Beginner
B.Tech CSE,1,ETL,2,2,Beginner
B.Sc Mathematics,4,A/B Testing,5,2,Advanced
M.Sc Statistics,4,Tableau,4,5,Advanced
B.Tech Civil,4,Database Administration,5,3,Advanced
B.Tech Mechanical,4,AWS,2,1,Beginner
B.Tech IT,2,PostgreSQL,1,6,Intermediate
B.Tech AI & ML,3,Statistics,4,5,Advanced
M.Tech,3,Data Structures,3,5,Intermediate
MBA,2,Communication,3,2,Intermediate
B.Tech IT,1,SQL,5,3,Advanced
M.Sc Data Science,2,Communication,5,2,Advanced
B.Sc Mathematics,4,Transformers,1,3,Beginner
B.Sc Computer Science,3,NumPy,5,6,Advanced
B.Sc Mathematics,4,OpenCV,4,4,Advanced
M.Sc Data Science,4,Machine Learning,3,6,Advanced
MBA,3,Database Security,4,6,Advanced
M.Sc Data Science,1,Testing,5,4,Advanced
MCA,1,Database Security,1,0,Beginner
B.Sc Mathematics,3,Product Analytics,5,2,Advanced
B.Sc Mathematics,1,Docker,2,1,Beginner
B.Sc Mathematics,1,Pandas,5,1,Advanced
B.Tech EEE,3,Excel,5,2,Advanced
M.Sc Computer Science,2,Business Analysis,3,0,Intermediate
M.Sc Statistics,3,SQL,3,2,Intermediate
B.Tech Data Science,4,Algorithms,4,5,Advanced
B.Com,2,AWS,2,6,Intermediate
BCA,4,AWS,2,3,Intermediate
B.Tech CSE,1,Tableau,1,2,Beginner
B.Sc Statistics,3,Pandas,4,1,Intermediate
B.Sc Statistics,3,SIEM,3,4,Intermediate
B.Tech EEE,4,Kubernetes,3,5,Advanced
B.Tech IT,1,Pandas,2,4,Intermediate
B.Sc Data Science,2,Tableau,4,2,Advanced
B.Tech Civil,3,Incident Response,1,0,Beginner
M.Tech,3,Networking,3,2,Intermediate
M.Sc Computer Science,4,System Design,3,2,Advanced
B.Tech Data Science,2,Product Analytics,4,4,Advanced
B.Tech AI & ML,1,CI/CD,5,1,Advanced
M.Tech,2,Data Warehousing,5,1,Advanced
B.Tech Data Science,1,Linear Algebra,1,6,Intermediate
BBA,1,Linux,3,2,Intermediate
M.Sc Computer Science,1,Calculus,1,0,Beginner
M.Sc Data Science,2,System Design,4,2,Advanced
B.Sc Computer Science,4,Linear Algebra,4,4,Advanced
B.Tech AI & ML,3,AWS,4,4,Advanced
MBA,1,FastAPI,5,5,Advanced
M.Tech,3,Terraform,1,3,Beginner
B.Tech Mechanical,2,Linux,2,6,Intermediate
MBA,3,Computer Vision,3,1,Intermediate
B.Sc Mathematics,4,Statistics,3,4,Intermediate
M.Sc Data Science,1,MySQL,4,5,Advanced
B.Tech EEE,2,Machine Learning,2,5,Intermediate
B.Tech CSE,3,Python,5,4,Advanced
B.Tech IT,1,Terraform,4,5,Advanced
B.Sc Data Science,4,Excel,1,5,Intermediate
B.Tech CSE,3,Data Visualization,4,4,Advanced
B.Tech IT,4,Data Visualization,3,6,Advanced
M.Sc Computer Science,3,Linux,3,4,Advanced
BBA,4,Git,4,2,Advanced
M.Sc Computer Science,1,Tableau,1,4,Intermediate
B.Com,3,PostgreSQL,4,2,Advanced
B.Tech Civil,1,Backup and Recovery,4,4,Advanced
M.Sc Computer Science,4,ETL,4,5,Advanced
B.Tech IT,1,Power BI,1,2,Beginner
BCA,4,Linear Algebra,1,1,Beginner
M.Tech,1,Communication,2,6,Advanced
B.Tech Mechanical,3,Computer Vision,3,5,Intermediate
B.Com,2,Web Security,4,2,Intermediate
M.Tech,1,CI/CD,3,0,Beginner
M.Sc Statistics,4,Scikit-learn,3,3,Intermediate
B.Tech IT,4,Scikit-learn,4,1,Intermediate
B.Tech IT,4,Product Analytics,5,4,Advanced
M.Sc Computer Science,2,Database Administration,2,0,Beginner
BBA,4,Linear Algebra,1,2,Beginner
B.Tech IT,1,Excel,1,6,Intermediate
B.Tech Civil,4,Pandas,3,2,Intermediate
B.Sc Information Technology,3,FastAPI,3,2,Intermediate
B.Sc Information Technology,2,A/B Testing,5,4,Advanced
BCA,2,FastAPI,2,5,Intermediate
B.Tech CSE,3,Excel,3,1,Intermediate
B.Sc Data Science,1,Scikit-learn,2,3,Intermediate
MBA,3,Data Warehousing,3,3,Intermediate
B.Com,4,Data Warehousing,4,0,Intermediate
M.Tech,1,Deep Learning,1,3,Beginner
M.Sc Data Science,1,OOP,4,0,Advanced
B.Sc Computer Science,1,REST API,4,3,Advanced
B.Tech Data Science,1,Linear Algebra,2,0,Beginner
B.Sc Data Science,3,System Design,4,0,Intermediate
B.Sc Information Technology,2,ETL,4,0,Advanced
B.Tech Mechanical,3,Data Structures,4,1,Intermediate
B.Com,3,Linear Algebra,4,0,Intermediate
B.Sc Computer Science,4,NumPy,1,5,Intermediate
M.Sc Statistics,2,NLP,2,1,Intermediate
MCA,1,Transformers,2,5,Intermediate
B.Tech Data Science,2,Backup and Recovery,4,4,Advanced
BBA,4,SIEM,3,6,Advanced
B.Sc Data Science,3,CI/CD,2,3,Intermediate
MCA,4,Docker,5,3,Advanced
B.Com,4,ETL,4,1,Advanced
B.Com,3,Calculus,3,3,Advanced
B.Sc Information Technology,3,Power BI,5,6,Advanced
B.Tech Data Science,4,Power BI,4,5,Advanced
B.Com,1,Excel,5,2,Advanced
B.Tech AI & ML,3,Algorithms,3,6,Intermediate
M.Sc Statistics,3,Data Structures,5,3,Advanced
B.Sc Information Technology,2,Testing,4,0,Intermediate
B.Sc Information Technology,3,Apache Spark,1,4,Intermediate
B.Sc Data Science,1,MySQL,2,3,Intermediate
B.Sc Computer Science,2,Git,2,6,Intermediate
M.Sc Statistics,1,FastAPI,3,2,Intermediate
MCA,1,NLP,3,3,Intermediate
B.Sc Data Science,2,System Design,5,6,Advanced
B.Sc Information Technology,2,Research,4,1,Intermediate
B.Sc Mathematics,2,Incident Response,1,1,Beginner
M.Tech,3,Statistics,3,2,Intermediate
B.Tech Civil,1,Business Analysis,3,1,Intermediate
BCA,2,Pandas,2,2,Intermediate
M.Tech,3,SQL,2,4,Intermediate
B.Sc Statistics,4,ETL,5,5,Advanced
B.Tech AI & ML,4,ETL,1,1,Beginner
B.Tech EEE,4,NLP,4,4,Advanced
B.Tech IT,3,Docker,2,3,Intermediate
B.Tech ECE,2,NLP,3,2,Intermediate
MBA,2,Python,2,4,Intermediate
B.Tech Civil,2,Database Administration,1,1,Beginner
B.Sc Information Technology,2,NLP,5,0,Advanced
B.Sc Mathematics,4,MySQL,2,1,Intermediate
B.Sc Data Science,4,OpenCV,3,0,Intermediate
MBA,3,AWS,4,1,Advanced
B.Sc Data Science,2,Computer Vision,2,3,Intermediate
BBA,4,Database Security,2,0,Beginner
M.Tech,4,Statistics,3,0,Intermediate
B.Tech ECE,3,FastAPI,2,0,Intermediate
M.Sc Statistics,2,OpenCV,2,6,Intermediate
BCA,3,Product Analytics,2,4,Intermediate
B.Tech EEE,4,Incident Response,1,1,Beginner
B.Sc Computer Science,2,Machine Learning,5,5,Advanced
BBA,4,FastAPI,3,4,Advanced
B.Com,4,OpenCV,1,2,Beginner
B.Tech AI & ML,4,Docker,5,3,Advanced
B.Tech CSE,4,REST API,5,0,Intermediate
B.Tech AI & ML,3,SIEM,2,1,Intermediate
B.Tech IT,3,Linux,4,2,Advanced
B.Tech Mechanical,3,Data Warehousing,4,2,Advanced
B.Tech CSE,3,Database Security,2,2,Beginner
B.Tech Mechanical,4,Communication,5,4,Advanced
M.Sc Data Science,3,Web Security,2,5,Intermediate
B.Tech CSE,1,PyTorch,5,3,Advanced
M.Sc Statistics,4,Tableau,2,0,Beginner
B.Sc Mathematics,2,Machine Learning,1,6,Intermediate
B.Sc Information Technology,2,Incident Response,2,2,Intermediate
B.Sc Computer Science,3,SQL,3,2,Intermediate
B.Tech EEE,2,SQL,2,2,Beginner
M.Tech,2,Testing,5,6,Advanced
B.Tech CSE,3,Apache Spark,3,6,Advanced
M.Sc Data Science,2,NLP,5,3,Advanced
B.Tech Civil,4,Linear Algebra,1,0,Beginner
M.Tech,1,Linux,1,6,Intermediate
B.Tech ECE,2,Testing,4,2,Advanced
B.Tech CSE,2,Python,1,6,Intermediate
B.Sc Data Science,1,FastAPI,4,4,Advanced
B.Tech ECE,1,Testing,1,2,Beginner
B.Sc Information Technology,2,PostgreSQL,2,1,Beginner
M.Sc Data Science,2,OpenCV,5,1,Advanced
B.Tech IT,3,Python,1,0,Beginner
B.Tech CSE,4,Data Structures,5,6,Advanced
M.Tech,3,Research,3,4,Intermediate
M.Sc Computer Science,3,ETL,1,2,Beginner
B.Tech Data Science,2,System Design,2,1,Intermediate
B.Tech Civil,2,NLP,3,3,Intermediate
B.Com,4,System Design,5,5,Advanced
BBA,1,PostgreSQL,1,3,Beginner
B.Com,1,NumPy,1,3,Beginner
BBA,3,ETL,3,1,Intermediate
B.Tech EEE,4,Pandas,2,2,Beginner
B.Tech EEE,3,CI/CD,3,3,Advanced
B.Tech AI & ML,1,System Design,5,5,Advanced
B.Sc Computer Science,4,NumPy,1,5,Beginner
BBA,4,Business Analysis,3,4,Advanced
B.Tech Data Science,2,Database Security,2,6,Advanced
B.Tech AI & ML,2,OpenCV,2,2,Intermediate
BCA,3,Computer Vision,2,2,Intermediate
M.Sc Statistics,1,Communication,1,3,Beginner
BCA,3,Cryptography,4,2,Intermediate
MCA,3,Data Visualization,3,2,Intermediate
B.Sc Data Science,3,AWS,4,1,Intermediate
B.Tech Mechanical,3,AWS,5,5,Advanced
B.Tech CSE,2,Cryptography,5,2,Advanced
B.Tech Data Science,3,Database Security,5,0,Advanced
MCA,2,Data Visualization,3,5,Advanced
M.Sc Computer Science,4,OOP,2,6,Advanced
M.Sc Data Science,3,CI/CD,2,6,Intermediate
B.Sc Information Technology,3,Cryptography,2,1,Beginner
B.Tech CSE,1,Business Analysis,5,2,Advanced
B.Tech Mechanical,2,Web Security,3,0,Intermediate
B.Tech Data Science,3,Transformers,3,1,Intermediate
MCA,2,Machine Learning,3,5,Advanced
B.Tech AI & ML,1,Incident Response,4,1,Intermediate
B.Sc Data Science,2,Git,3,5,Advanced
B.Sc Statistics,1,Git,2,0,Intermediate
B.Tech Data Science,2,Power BI,5,6,Advanced
B.Tech Mechanical,2,Backup and Recovery,3,0,Intermediate
BCA,2,Incident Response,3,3,Intermediate
M.Sc Statistics,4,Deep Learning,2,3,Intermediate
B.Tech AI & ML,4,Excel,4,6,Advanced
M.Sc Statistics,4,Cybersecurity,1,3,Beginner
B.Sc Mathematics,3,Transformers,1,2,Beginner
B.Tech ECE,1,Incident Response,4,4,Advanced
B.Tech Data Science,3,Excel,3,2,Intermediate
B.Sc Statistics,3,ETL,2,4,Intermediate
M.Sc Statistics,4,Terraform,5,4,Advanced
MBA,1,Docker,1,6,Intermediate
BCA,2,Pandas,2,6,Advanced
MBA,3,CI/CD,4,5,Advanced
B.Tech IT,2,Product Analytics,4,4,Advanced
M.Sc Data Science,1,Statistics,3,1,Intermediate
M.Tech,3,Tableau,1,5,Intermediate
B.Tech EEE,3,Machine Learning,5,2,Advanced
B.Sc Mathematics,3,Linear Algebra,1,0,Beginner
B.Tech IT,4,OpenCV,2,6,Intermediate
B.Sc Mathematics,2,Machine Learning,1,5,Intermediate
BBA,4,Docker,5,3,Advanced
M.Tech,2,Terraform,3,1,Intermediate
B.Sc Information Technology,2,Web Security,4,1,Intermediate
BBA,4,Kubernetes,3,0,Intermediate
M.Sc Data Science,2,Linux,1,4,Intermediate
B.Tech ECE,4,Apache Spark,3,1,Intermediate
M.Tech,3,Scikit-learn,2,4,Intermediate
B.Tech Mechanical,3,OOP,5,3,Advanced
B.Tech Data Science,4,OpenCV,3,0,Intermediate
B.Sc Computer Science,4,MySQL,4,6,Advanced
B.Sc Statistics,3,OpenCV,5,2,Advanced
B.Tech EEE,1,Cybersecurity,4,1,Intermediate
B.Tech Mechanical,4,Calculus,2,5,Intermediate
B.Tech Civil,4,Excel,2,3,Intermediate
B.Tech Civil,4,SQL,4,6,Advanced
B.Tech Mechanical,3,OOP,5,0,Advanced
B.Sc Computer Science,2,Transformers,4,2,Advanced
B.Sc Information Technology,3,Data Structures,2,3,Beginner
B.Com,4,FastAPI,4,0,Intermediate
B.Sc Computer Science,2,Data Structures,4,0,Intermediate
B.Tech Data Science,2,Apache Spark,3,1,Intermediate
M.Sc Computer Science,2,Cryptography,5,0,Advanced
B.Sc Data Science,4,OOP,4,5,Advanced
BBA,1,NLP,4,0,Advanced
B.Sc Data Science,4,Power BI,2,5,Intermediate
MCA,3,ETL,4,6,Advanced
B.Sc Information Technology,3,Cryptography,3,0,Intermediate
B.Sc Data Science,4,Tableau,1,5,Intermediate
B.Com,1,Cryptography,1,1,Beginner
M.Sc Computer Science,3,MySQL,5,6,Advanced
B.Tech CSE,4,Transformers,4,1,Advanced
B.Tech Mechanical,1,AWS,3,5,Advanced
B.Tech Civil,4,Incident Response,2,5,Intermediate
B.Sc Computer Science,1,Statistics,2,5,Intermediate
B.Sc Information Technology,1,Database Security,4,1,Advanced
B.Sc Data Science,1,Algorithms,1,6,Beginner
B.Sc Statistics,3,Data Warehousing,3,6,Advanced
B.Sc Data Science,3,Data Visualization,5,0,Advanced
B.Tech Mechanical,4,AWS,1,6,Intermediate
B.Tech CSE,2,MySQL,3,5,Advanced
B.Sc Computer Science,1,SIEM,4,6,Advanced
BCA,1,Transformers,5,1,Advanced
BCA,3,Backup and Recovery,3,6,Advanced
B.Sc Computer Science,3,NumPy,1,0,Beginner
B.Tech EEE,3,Database Administration,2,4,Advanced
B.Tech Mechanical,3,Git,3,5,Intermediate
B.Tech Civil,4,FastAPI,5,2,Advanced
B.Com,1,Python,5,2,Advanced
MCA,4,Communication,3,3,Intermediate
B.Tech Mechanical,3,PostgreSQL,1,5,Intermediate
B.Tech EEE,3,AWS,2,3,Intermediate
MCA,4,Cybersecurity,4,0,Intermediate
M.Sc Computer Science,3,Linux,3,6,Advanced
M.Sc Statistics,1,Algorithms,2,2,Intermediate
B.Com,2,ETL,1,3,Beginner
B.Sc Information Technology,1,Transformers,3,3,Intermediate
B.Tech Mechanical,2,Python,2,0,Beginner
BBA,3,REST API,1,6,Intermediate
B.Tech IT,3,Apache Spark,4,0,Intermediate
B.Sc Computer Science,4,ETL,2,4,Intermediate
MCA,2,OpenCV,1,1,Beginner
B.Tech IT,4,Product Analytics,2,4,Intermediate
MCA,2,AWS,4,6,Advanced
B.Tech Data Science,1,Statistics,3,1,Intermediate
B.Tech AI & ML,2,Data Structures,4,1,Intermediate
B.Sc Information Technology,4,Tableau,4,6,Advanced
B.Tech Civil,3,Incident Response,2,3,Intermediate
B.Tech ECE,1,Database Security,5,4,Advanced
B.Sc Computer Science,2,Business Analysis,4,1,Intermediate
M.Sc Computer Science,1,Incident Response,3,5,Advanced
M.Tech,2,AWS,1,2,Beginner
B.Sc Mathematics,3,Data Warehousing,5,0,Advanced
B.Sc Data Science,4,SQL,4,2,Advanced
B.Sc Statistics,1,ETL,1,4,Intermediate
B.Com,2,Cryptography,1,0,Beginner
B.Sc Mathematics,4,Scikit-learn,3,5,Advanced
B.Tech Mechanical,2,Data Structures,2,1,Beginner
B.Sc Mathematics,3,Algorithms,2,4,Beginner
B.Sc Data Science,1,SIEM,2,5,Intermediate
B.Sc Mathematics,1,CI/CD,5,5,Advanced
B.Tech ECE,4,NumPy,1,4,Intermediate
B.Sc Statistics,1,Cryptography,4,6,Advanced
B.Tech EEE,3,Communication,3,6,Advanced
B.Tech Civil,2,Data Structures,2,0,Intermediate
M.Tech,3,Data Visualization,2,0,Intermediate
B.Tech EEE,1,PyTorch,4,2,Advanced
BBA,4,Machine Learning,5,0,Advanced
B.Tech AI & ML,2,Terraform,3,2,Intermediate
B.Tech Data Science,4,Transformers,1,1,Beginner
M.Sc Computer Science,3,Linux,5,0,Advanced
B.Sc Computer Science,1,Data Warehousing,4,0,Intermediate
MBA,1,SQL,2,4,Intermediate
BCA,4,MySQL,5,1,Advanced
B.Sc Data Science,2,REST API,5,1,Advanced
B.Tech ECE,3,Docker,5,6,Advanced
B.Sc Computer Science,4,REST API,5,6,Advanced
B.Tech IT,4,Database Administration,3,5,Intermediate
B.Sc Mathematics,4,Calculus,2,5,Intermediate
B.Tech Civil,1,ETL,2,0,Intermediate
B.Tech IT,2,NLP,3,3,Intermediate
B.Sc Mathematics,1,SQL,3,3,Intermediate
BBA,4,Tableau,1,3,Beginner
B.Tech Civil,2,PostgreSQL,1,2,Beginner
MCA,4,Data Structures,1,2,Beginner
B.Tech Data Science,3,Incident Response,1,2,Beginner
B.Sc Computer Science,4,REST API,5,2,Advanced
B.Sc Mathematics,4,Cybersecurity,5,0,Advanced
B.Tech AI & ML,1,MySQL,3,1,Intermediate
MCA,2,Cryptography,1,4,Intermediate
B.Com,3,Data Warehousing,2,0,Beginner
B.Tech Data Science,1,Python,5,2,Advanced
MBA,1,Data Warehousing,1,4,Beginner
B.Tech IT,1,Backup and Recovery,2,1,Beginner
M.Sc Statistics,2,System Design,5,6,Advanced
B.Tech ECE,4,MySQL,5,2,Advanced
B.Tech CSE,2,Scikit-learn,5,5,Advanced
M.Sc Data Science,2,ETL,3,4,Advanced
M.Sc Computer Science,3,Linear Algebra,3,3,Intermediate
BBA,4,Data Structures,2,2,Beginner
B.Sc Information Technology,4,Computer Vision,1,3,Beginner
B.Sc Mathematics,2,Deep Learning,2,0,Intermediate
B.Tech Data Science,2,NLP,3,5,Advanced
B.Tech Data Science,2,Backup and Recovery,5,6,Advanced
B.Tech AI & ML,3,Data Visualization,1,3,Beginner
MBA,1,Data Warehousing,4,5,Advanced
BCA,2,Git,4,2,Advanced
B.Tech CSE,4,PyTorch,1,1,Beginner
M.Sc Computer Science,4,Git,2,5,Intermediate
BBA,1,Research,5,1,Advanced
B.Tech ECE,1,ETL,1,2,Beginner
MCA,4,PyTorch,3,6,Intermediate
MBA,3,Linear Algebra,4,1,Intermediate
B.Tech ECE,2,Linear Algebra,3,1,Intermediate
B.Tech ECE,3,PyTorch,1,6,Intermediate
M.Sc Data Science,1,Communication,5,3,Advanced
MBA,3,Excel,5,1,Advanced
B.Tech EEE,2,Docker,2,1,Intermediate
BBA,3,Data Warehousing,5,5,Advanced
B.Sc Statistics,2,Power BI,4,3,Advanced
M.Sc Data Science,1,Algorithms,3,5,Advanced
B.Sc Computer Science,1,Linear Algebra,3,5,Advanced
B.Tech Mechanical,1,AWS,3,1,Intermediate
M.Sc Statistics,3,Database Security,5,5,Advanced
MBA,3,SIEM,3,2,Intermediate
B.Sc Data Science,2,Cybersecurity,4,2,Advanced
B.Tech ECE,3,SQL,4,6,Advanced
B.Sc Computer Science,3,Linux,5,6,Advanced
B.Tech AI & ML,1,Product Analytics,4,5,Advanced
B.Tech Data Science,2,Research,2,1,Intermediate
B.Tech ECE,2,MySQL,1,2,Beginner
B.Sc Information Technology,3,Scikit-learn,3,6,Advanced
B.Tech CSE,1,Power BI,3,1,Intermediate
B.Tech AI & ML,2,ETL,4,0,Intermediate
M.Sc Statistics,3,Product Analytics,1,3,Intermediate
B.Tech Data Science,1,Testing,5,6,Advanced
M.Sc Data Science,4,SIEM,4,0,Intermediate
B.Tech CSE,1,REST API,2,3,Intermediate
B.Tech EEE,2,Computer Vision,1,0,Beginner
B.Tech ECE,1,Business Analysis,1,3,Intermediate
B.Sc Computer Science,3,NLP,3,3,Intermediate
M.Tech,1,Cybersecurity,5,3,Advanced
B.Sc Computer Science,1,Git,5,4,Advanced
M.Tech,1,Product Analytics,4,6,Advanced
B.Tech IT,4,Incident Response,3,1,Intermediate
B.Tech CSE,3,Docker,3,2,Intermediate
B.Tech Data Science,3,ETL,4,4,Advanced
M.Sc Statistics,3,Python,4,4,Advanced
B.Tech IT,3,FastAPI,2,2,Intermediate
B.Tech CSE,2,Calculus,4,4,Advanced
B.Tech Civil,2,Apache Spark,1,5,Beginner
M.Sc Data Science,2,Linux,5,0,Advanced
B.Sc Computer Science,4,Networking,2,4,Intermediate
B.Sc Computer Science,2,Database Security,1,2,Beginner
M.Sc Statistics,4,Data Structures,2,4,Intermediate
B.Com,2,FastAPI,3,2,Intermediate
B.Tech Data Science,4,SQL,3,6,Advanced
B.Sc Mathematics,3,SQL,1,1,Beginner
B.Com,1,SQL,5,2,Advanced
B.Tech IT,2,Communication,5,2,Advanced
B.Tech EEE,1,Docker,4,4,Advanced
B.Sc Data Science,2,Research,4,6,Advanced
B.Tech AI & ML,1,SQL,5,0,Advanced
B.Tech ECE,4,Pandas,3,4,Advanced
BBA,1,Deep Learning,1,6,Intermediate
B.Tech Data Science,2,Pandas,4,6,Advanced
B.Tech EEE,1,REST API,1,1,Beginner
M.Sc Data Science,4,Database Administration,4,6,Advanced
MCA,1,Linear Algebra,1,3,Beginner
B.Com,2,PyTorch,2,2,Intermediate
M.Sc Data Science,2,Database Security,4,0,Intermediate
B.Tech ECE,4,SQL,4,0,Intermediate
BCA,2,Linear Algebra,2,3,Intermediate
MBA,2,Linear Algebra,1,1,Beginner
B.Com,2,PyTorch,5,5,Advanced
B.Tech Data Science,4,Cybersecurity,4,5,Advanced
B.Sc Data Science,2,Terraform,5,0,Advanced
B.Com,3,Database Security,5,5,Advanced
B.Tech CSE,4,Scikit-learn,1,2,Beginner
B.Tech AI & ML,2,Data Warehousing,5,2,Advanced
B.Tech Civil,3,NLP,3,1,Intermediate
M.Sc Data Science,1,Database Administration,5,6,Advanced
BBA,3,PostgreSQL,2,6,Advanced
M.Sc Statistics,3,CI/CD,1,6,Intermediate
M.Sc Computer Science,2,FastAPI,4,0,Intermediate
B.Tech Data Science,1,Business Analysis,3,4,Intermediate
B.Tech EEE,4,Database Security,1,6,Intermediate
B.Sc Information Technology,2,AWS,4,5,Advanced
M.Tech,3,REST API,3,5,Advanced
M.Sc Computer Science,4,Deep Learning,4,1,Advanced
B.Tech Civil,3,Excel,2,5,Intermediate
B.Sc Computer Science,1,Python,1,3,Intermediate
M.Sc Data Science,1,Product Analytics,2,3,Intermediate
B.Sc Mathematics,3,NumPy,3,1,Intermediate
BBA,4,Terraform,5,6,Advanced
B.Sc Statistics,4,PyTorch,1,1,Beginner
M.Sc Data Science,3,CI/CD,4,1,Advanced
B.Tech IT,2,PyTorch,1,0,Beginner
B.Tech ECE,2,Networking,1,0,Beginner
B.Tech Mechanical,3,PyTorch,5,4,Advanced
B.Tech ECE,2,SQL,3,1,Intermediate
M.Sc Computer Science,1,Algorithms,4,1,Intermediate
B.Tech ECE,3,Power BI,4,1,Advanced
B.Sc Mathematics,2,Cybersecurity,5,4,Advanced
B.Tech CSE,4,Cryptography,5,5,Advanced
B.Tech CSE,4,Machine Learning,3,2,Intermediate
BCA,1,Data Warehousing,1,3,Beginner
M.Sc Data Science,4,ETL,2,6,Intermediate
MBA,4,MySQL,5,1,Advanced
B.Tech EEE,1,Tableau,4,1,Advanced
M.Sc Statistics,3,Web Security,4,3,Advanced
B.Sc Computer Science,3,REST API,4,4,Advanced
B.Tech ECE,1,Statistics,2,6,Intermediate
B.Sc Mathematics,3,NLP,3,3,Advanced
B.Tech CSE,2,Computer Vision,4,3,Advanced
M.Sc Statistics,4,Excel,2,1,Intermediate
M.Tech,4,Docker,1,2,Beginner
BBA,2,Git,3,0,Intermediate
B.Sc Statistics,3,Database Security,1,0,Beginner
B.Sc Data Science,3,Tableau,5,5,Advanced
B.Tech Data Science,4,Networking,1,2,Beginner
B.Sc Mathematics,3,Business Analysis,3,1,Intermediate
B.Tech CSE,4,Research,4,0,Intermediate
B.Tech Mechanical,1,Backup and Recovery,1,6,Intermediate
MBA,1,Communication,1,1,Beginner
B.Sc Computer Science,3,Research,5,1,Advanced
B.Sc Data Science,3,Tableau,1,3,Intermediate
M.Sc Computer Science,3,Linear Algebra,1,2,Beginner
B.Com,4,Database Security,3,1,Intermediate
M.Sc Computer Science,4,Tableau,1,5,Beginner
B.Com,3,Transformers,1,2,Beginner
B.Tech Mechanical,2,Web Security,2,1,Intermediate
BCA,3,Networking,4,1,Advanced
M.Sc Statistics,3,NLP,2,3,Intermediate
B.Tech EEE,1,Database Security,5,5,Advanced
B.Tech Civil,2,Testing,1,2,Beginner
M.Sc Statistics,3,Communication,3,5,Advanced
B.Sc Mathematics,2,Algorithms,2,6,Intermediate
B.Tech EEE,1,Web Security,5,3,Advanced
B.Sc Mathematics,3,OOP,3,1,Intermediate
MBA,1,Networking,4,6,Advanced
B.Sc Information Technology,1,Deep Learning,1,2,Beginner
B.Tech Civil,1,Data Visualization,2,2,Intermediate
B.Sc Statistics,2,Pandas,1,4,Intermediate
B.Sc Data Science,1,PyTorch,2,1,Beginner
M.Sc Computer Science,4,Scikit-learn,4,3,Advanced
B.Sc Statistics,2,Communication,2,3,Intermediate
BCA,1,Pandas,2,2,Beginner
B.Sc Statistics,1,REST API,5,2,Advanced
B.Tech EEE,4,OpenCV,2,6,Intermediate
B.Tech ECE,2,Communication,5,5,Advanced
B.Tech EEE,4,ETL,3,5,Advanced
M.Sc Computer Science,4,Terraform,3,3,Intermediate
M.Tech,2,REST API,4,6,Advanced
B.Sc Information Technology,2,Web Security,2,2,Beginner
B.Tech CSE,4,NLP,2,6,Intermediate
B.Tech CSE,2,CI/CD,4,5,Advanced
BCA,1,Kubernetes,5,6,Advanced
B.Tech EEE,2,Research,3,4,Advanced
B.Tech Mechanical,1,CI/CD,1,1,Beginner
B.Tech Civil,4,Docker,3,1,Intermediate
B.Sc Statistics,4,MySQL,1,6,Beginner
B.Sc Data Science,4,OOP,5,2,Advanced
B.Tech EEE,2,FastAPI,4,3,Advanced
B.Sc Data Science,4,Incident Response,4,0,Advanced
B.Tech AI & ML,3,Database Security,5,4,Advanced
B.Tech Data Science,3,Database Security,2,6,Advanced
B.Sc Statistics,4,FastAPI,2,2,Intermediate
B.Sc Information Technology,4,Research,5,2,Advanced
M.Tech,4,Business Analysis,3,3,Intermediate
B.Tech Data Science,3,PyTorch,4,1,Advanced
BCA,3,Algorithms,2,0,Beginner
B.Tech Mechanical,3,PyTorch,1,3,Beginner
B.Sc Information Technology,2,Product Analytics,1,5,Intermediate
B.Tech Mechanical,2,OpenCV,2,1,Beginner
BCA,2,Machine Learning,1,2,Beginner
B.Com,4,Testing,4,6,Advanced
M.Sc Statistics,1,Linear Algebra,1,0,Beginner
MBA,1,Database Security,4,2,Advanced
BCA,3,SQL,1,0,Beginner
B.Tech ECE,3,Incident Response,2,1,Beginner
BBA,1,CI/CD,3,4,Intermediate
B.Tech ECE,2,System Design,4,4,Advanced
B.Sc Statistics,4,PyTorch,2,1,Intermediate
B.Com,4,Kubernetes,3,3,Advanced
M.Sc Computer Science,2,Python,4,6,Advanced
B.Sc Computer Science,4,OpenCV,2,6,Advanced
MBA,4,ETL,1,0,Beginner
B.Sc Information Technology,1,A/B Testing,3,4,Intermediate
B.Tech ECE,3,SIEM,1,2,Beginner
B.Tech Mechanical,3,Backup and Recovery,1,3,Beginner
M.Sc Data Science,2,FastAPI,3,0,Intermediate
B.Tech Mechanical,1,Tableau,5,2,Advanced
BBA,1,Testing,3,3,Intermediate
MBA,1,SQL,1,6,Intermediate
M.Sc Data Science,1,ETL,3,2,Intermediate
MBA,4,FastAPI,3,0,Intermediate
M.Tech,1,Deep Learning,3,4,Intermediate
BCA,2,Linux,5,3,Advanced
BBA,4,Testing,2,5,Intermediate
B.Sc Computer Science,3,Database Security,1,0,Beginner
MCA,1,PostgreSQL,4,2,Advanced
M.Sc Computer Science,4,Database Administration,5,1,Advanced
B.Sc Statistics,4,Machine Learning,1,2,Beginner
M.Sc Data Science,2,Linux,3,4,Advanced
B.Tech ECE,4,Linear Algebra,3,5,Advanced
B.Tech AI & ML,3,AWS,5,4,Advanced
B.Tech Civil,4,NumPy,4,4,Advanced
B.Com,3,Cybersecurity,2,0,Beginner
B.Com,3,Tableau,3,1,Intermediate
B.Tech Civil,1,Product Analytics,2,4,Intermediate
M.Tech,3,PyTorch,5,5,Advanced
MCA,3,Communication,2,1,Intermediate
BCA,3,Excel,5,4,Advanced
M.Tech,2,Machine Learning,4,1,Advanced
B.Sc Information Technology,2,Algorithms,4,3,Intermediate
BCA,1,Computer Vision,2,4,Intermediate
B.Tech Civil,3,Apache Spark,3,4,Intermediate
B.Com,4,Pandas,3,4,Intermediate
M.Sc Computer Science,3,Docker,1,0,Beginner
B.Tech Data Science,2,ETL,4,2,Advanced
B.Tech IT,2,Linear Algebra,5,3,Advanced
B.Sc Statistics,3,SIEM,4,6,Advanced
B.Tech IT,2,Kubernetes,5,3,Advanced
B.Com,4,Deep Learning,4,6,Advanced
BCA,3,OpenCV,1,1,Beginner
MBA,4,Power BI,3,2,Intermediate
B.Sc Information Technology,3,Database Security,1,4,Intermediate
M.Sc Computer Science,4,Data Structures,5,1,Advanced
B.Com,1,OOP,5,4,Advanced
B.Sc Data Science,2,OpenCV,5,4,Advanced
B.Com,2,Business Analysis,4,2,Intermediate
B.Sc Mathematics,3,Research,4,0,Intermediate
B.Tech Civil,1,Database Security,1,5,Beginner
B.Tech IT,1,Data Warehousing,4,3,Advanced
B.Tech Data Science,3,FastAPI,5,0,Advanced
B.Sc Information Technology,1,Data Warehousing,4,2,Advanced
B.Tech ECE,4,Data Visualization,3,6,Advanced
B.Tech Civil,1,SQL,1,0,Beginner
B.Tech CSE,3,Transformers,3,2,Advanced
MCA,3,Data Warehousing,2,3,Intermediate
B.Tech CSE,2,ETL,4,3,Advanced
M.Sc Statistics,2,Web Security,1,1,Beginner
B.Com,1,Database Security,1,3,Beginner
B.Tech EEE,3,Cybersecurity,2,0,Beginner
M.Sc Computer Science,3,Data Warehousing,1,6,Beginner
B.Tech AI & ML,4,PostgreSQL,4,3,Advanced
B.Tech Data Science,4,Communication,5,1,Advanced
BCA,3,Git,1,5,Beginner
B.Tech ECE,1,SQL,3,2,Intermediate
B.Tech CSE,1,Database Administration,5,5,Advanced
M.Sc Computer Science,2,Communication,1,4,Beginner
B.Com,2,FastAPI,4,1,Advanced
B.Tech Data Science,1,Testing,4,5,Advanced
B.Tech Data Science,1,Communication,2,5,Intermediate
B.Sc Information Technology,3,Data Warehousing,2,2,Intermediate
B.Sc Statistics,2,Algorithms,5,6,Advanced
B.Sc Mathematics,3,Linux,4,1,Advanced
B.Tech AI & ML,3,Research,2,0,Intermediate
M.Sc Statistics,3,Git,5,0,Advanced
B.Sc Data Science,4,Deep Learning,3,2,Intermediate
B.Tech AI & ML,2,Scikit-learn,1,1,Beginner
B.Tech Mechanical,2,Pandas,5,3,Advanced
B.Sc Statistics,2,Tableau,1,5,Beginner
MBA,2,Machine Learning,4,2,Advanced
B.Sc Statistics,3,Testing,3,1,Intermediate
B.Tech Mechanical,4,PyTorch,5,5,Advanced
M.Tech,1,NLP,3,3,Intermediate
B.Tech Civil,1,Business Analysis,2,0,Beginner
B.Sc Data Science,1,Computer Vision,1,2,Beginner
B.Tech ECE,1,Transformers,1,5,Intermediate
B.Com,2,System Design,1,0,Beginner
B.Com,3,OOP,4,0,Intermediate
M.Sc Data Science,1,Statistics,3,2,Intermediate
B.Tech EEE,1,Database Security,3,5,Advanced
BCA,2,Power BI,3,1,Intermediate
MCA,4,Pandas,2,2,Intermediate
B.Tech AI & ML,4,MySQL,3,3,Intermediate
MBA,3,SQL,4,6,Advanced
M.Tech,4,Excel,2,2,Beginner
M.Tech,2,NumPy,2,0,Beginner
MCA,4,Python,4,5,Advanced
B.Tech Data Science,4,Backup and Recovery,4,5,Advanced
B.Tech ECE,3,Excel,5,3,Advanced
B.Tech Mechanical,1,REST API,5,0,Advanced
B.Tech EEE,3,Apache Spark,5,0,Advanced
B.Tech ECE,2,Cryptography,2,6,Advanced
BCA,2,Database Administration,1,0,Beginner
B.Tech Mechanical,1,Database Security,2,6,Advanced
B.Sc Mathematics,3,Docker,2,2,Beginner
B.Sc Mathematics,2,PyTorch,1,5,Beginner
MCA,4,Research,2,3,Intermediate
B.Sc Computer Science,4,Docker,2,2,Intermediate
MBA,4,NLP,2,5,Intermediate
B.Tech IT,2,Python,3,1,Intermediate
B.Sc Mathematics,1,Git,2,3,Intermediate
B.Tech IT,2,Git,2,4,Intermediate
M.Sc Computer Science,2,Database Administration,1,6,Intermediate
B.Sc Data Science,2,Communication,2,2,Intermediate
B.Tech Mechanical,3,Git,2,0,Beginner
B.Sc Information Technology,3,Git,3,3,Intermediate
B.Tech ECE,1,Cybersecurity,3,4,Intermediate
B.Tech Mechanical,1,Docker,1,0,Beginner
B.Sc Data Science,1,Terraform,3,2,Intermediate
BBA,3,Excel,4,3,Advanced
B.Tech IT,1,SIEM,1,2,Beginner
BBA,1,Pandas,4,3,Advanced
B.Sc Data Science,1,Web Security,4,2,Intermediate
M.Sc Data Science,3,Kubernetes,5,5,Advanced
B.Com,2,OpenCV,4,0,Intermediate
B.Com,3,Apache Spark,5,3,Advanced
B.Sc Data Science,4,Machine Learning,3,2,Intermediate
B.Sc Computer Science,1,Testing,4,5,Advanced
BBA,2,A/B Testing,1,0,Beginner
BCA,3,Scikit-learn,1,4,Intermediate
B.Sc Data Science,2,Computer Vision,1,0,Beginner
B.Sc Mathematics,3,System Design,4,4,Advanced
B.Tech Data Science,3,Docker,3,4,Intermediate
B.Tech Data Science,4,CI/CD,5,5,Advanced
B.Tech ECE,3,Scikit-learn,3,6,Advanced
MBA,3,MySQL,1,6,Intermediate
B.Tech ECE,3,Scikit-learn,5,4,Advanced
M.Sc Computer Science,2,SQL,5,3,Advanced
B.Tech CSE,1,REST API,4,3,Intermediate
MBA,4,Business Analysis,5,5,Advanced
MCA,2,Machine Learning,3,0,Intermediate
B.Sc Data Science,4,Tableau,2,2,Intermediate
M.Sc Data Science,4,OpenCV,1,2,Beginner
MBA,1,SIEM,4,2,Intermediate
MBA,4,Networking,5,0,Advanced
B.Sc Mathematics,4,NLP,3,5,Advanced
B.Tech EEE,2,SIEM,2,6,Advanced
B.Com,2,Transformers,5,0,Advanced
BBA,1,Product Analytics,1,1,Beginner
M.Sc Statistics,3,Kubernetes,3,5,Advanced
B.Tech Data Science,2,ETL,2,1,Intermediate
B.Tech IT,2,Data Structures,3,2,Advanced
B.Tech EEE,2,Scikit-learn,4,3,Advanced
BCA,3,Tableau,5,5,Advanced
B.Sc Statistics,4,ETL,1,2,Beginner
B.Tech CSE,4,Computer Vision,3,3,Intermediate
B.Com,1,Transformers,3,4,Advanced
B.Tech CSE,4,Research,2,0,Beginner
B.Tech Civil,1,Incident Response,2,1,Intermediate
M.Sc Data Science,4,PyTorch,5,5,Advanced
B.Sc Data Science,4,Transformers,4,5,Advanced
MBA,4,Cryptography,5,6,Advanced
B.Tech Civil,1,Machine Learning,4,2,Advanced
BCA,1,Data Warehousing,2,5,Intermediate
B.Sc Statistics,4,PostgreSQL,4,5,Advanced
B.Sc Computer Science,2,Networking,4,0,Advanced
MCA,2,Excel,5,5,Advanced
B.Tech Civil,1,AWS,2,2,Intermediate
B.Tech Mechanical,3,AWS,2,2,Beginner
B.Sc Information Technology,4,Computer Vision,2,4,Intermediate
B.Tech Civil,3,PyTorch,1,1,Beginner
M.Tech,2,Database Administration,5,0,Advanced
B.Com,4,Research,3,1,Intermediate
M.Sc Computer Science,4,Research,4,6,Advanced
M.Sc Computer Science,3,Docker,1,2,Beginner
B.Sc Mathematics,2,Kubernetes,3,6,Intermediate
B.Sc Computer Science,2,Data Warehousing,5,6,Advanced
B.Tech Civil,2,NLP,4,4,Advanced
B.Tech EEE,4,Terraform,3,3,Intermediate
B.Sc Information Technology,4,Machine Learning,2,5,Intermediate
B.Com,3,SQL,1,4,Intermediate
B.Tech ECE,2,Linux,1,4,Beginner
B.Sc Mathematics,4,PostgreSQL,3,2,Intermediate
B.Com,2,Research,4,6,Advanced
B.Sc Information Technology,3,Networking,3,0,Intermediate
B.Tech Mechanical,1,NumPy,4,4,Advanced
M.Sc Computer Science,1,Business Analysis,5,2,Advanced
B.Tech ECE,1,Database Security,5,3,Advanced
B.Sc Computer Science,3,Testing,5,3,Advanced
MBA,4,OpenCV,1,2,Intermediate
B.Tech CSE,1,Database Security,2,5,Intermediate
M.Sc Statistics,2,Calculus,5,5,Advanced
BCA,1,PyTorch,1,2,Beginner
M.Tech,2,MySQL,3,6,Advanced
B.Tech AI & ML,1,Tableau,4,3,Advanced
B.Sc Data Science,1,Apache Spark,5,5,Advanced
B.Tech AI & ML,3,Apache Spark,1,1,Beginner
BBA,3,Calculus,5,5,Advanced
B.Tech Civil,4,Excel,3,3,Advanced
B.Tech Mechanical,4,A/B Testing,1,2,Beginner
BBA,2,MySQL,2,6,Intermediate
B.Tech Civil,2,SIEM,4,5,Advanced
B.Com,1,Kubernetes,4,2,Advanced
B.Sc Information Technology,4,Linux,4,1,Advanced
M.Tech,1,Business Analysis,1,3,Beginner
B.Tech Civil,2,Statistics,4,1,Advanced
MCA,4,Calculus,1,5,Beginner
B.Tech AI & ML,2,Terraform,2,0,Beginner
B.Com,3,Git,5,4,Advanced
BBA,2,Transformers,4,4,Advanced
MBA,1,NumPy,4,0,Intermediate
M.Sc Computer Science,1,Backup and Recovery,3,3,Advanced
B.Sc Data Science,4,OOP,2,5,Advanced
M.Sc Data Science,3,Excel,1,3,Beginner
B.Tech EEE,1,Networking,3,4,Advanced
B.Sc Data Science,1,MySQL,1,3,Beginner
B.Com,3,Product Analytics,4,5,Advanced
B.Tech Civil,3,REST API,3,4,Advanced
B.Sc Mathematics,3,Cryptography,1,6,Intermediate
B.Tech Civil,3,Database Security,4,4,Advanced
B.Tech Civil,2,Scikit-learn,2,6,Advanced
B.Sc Computer Science,3,OpenCV,4,3,Advanced
M.Tech,1,NLP,3,2,Intermediate
M.Tech,3,Tableau,3,5,Intermediate
B.Tech CSE,4,Machine Learning,3,4,Intermediate
M.Sc Data Science,3,Python,2,4,Intermediate
MCA,3,Data Visualization,3,1,Intermediate
B.Sc Statistics,2,Linear Algebra,2,4,Intermediate
B.Sc Data Science,1,Computer Vision,3,5,Intermediate
B.Tech CSE,3,Product Analytics,5,5,Advanced
B.Tech CSE,4,Python,1,3,Intermediate
B.Com,3,Research,5,3,Advanced
M.Sc Data Science,4,Docker,2,2,Intermediate
M.Sc Data Science,2,Python,2,5,Intermediate
B.Tech AI & ML,4,PyTorch,1,1,Beginner
M.Sc Computer Science,2,Testing,3,2,Intermediate
B.Sc Statistics,1,Excel,4,6,Advanced
B.Tech CSE,1,Database Administration,3,0,Intermediate
B.Com,1,Statistics,5,0,Advanced
M.Tech,4,Linear Algebra,4,2,Advanced
MBA,4,SQL,2,1,Intermediate
B.Sc Information Technology,4,ETL,3,5,Intermediate
B.Sc Mathematics,4,Cybersecurity,1,4,Beginner
M.Sc Statistics,1,Statistics,5,0,Advanced
B.Tech EEE,3,OOP,5,1,Advanced
B.Sc Information Technology,4,Data Warehousing,3,0,Intermediate
B.Tech CSE,2,CI/CD,1,5,Intermediate
B.Tech AI & ML,3,Apache Spark,5,4,Advanced
M.Sc Computer Science,1,Apache Spark,4,5,Advanced
B.Tech AI & ML,1,Backup and Recovery,5,4,Advanced
B.Tech Mechanical,1,Data Warehousing,4,6,Advanced
BCA,1,Networking,5,4,Advanced
BCA,4,Python,5,2,Advanced
B.Sc Computer Science,1,Power BI,5,5,Advanced
B.Sc Information Technology,2,Excel,3,2,Intermediate
B.Tech IT,1,Testing,2,0,Beginner
M.Sc Statistics,4,Research,1,4,Beginner
B.Sc Data Science,3,MySQL,1,2,Beginner
MBA,3,Excel,5,4,Advanced
BBA,1,Incident Response,5,0,Advanced
B.Tech ECE,2,Web Security,1,4,Intermediate
B.Tech IT,3,Kubernetes,1,4,Beginner
B.Tech CSE,2,REST API,3,0,Intermediate
B.Sc Data Science,4,ETL,4,4,Advanced
BBA,2,Communication,3,6,Advanced
B.Sc Data Science,3,Transformers,1,4,Beginner
B.Sc Data Science,1,Linux,1,6,Intermediate
B.Tech Civil,2,Pandas,4,3,Advanced
M.Sc Computer Science,3,Kubernetes,5,3,Advanced
B.Tech IT,2,OOP,1,6,Intermediate
BCA,1,Algorithms,2,6,Intermediate
M.Sc Data Science,4,Incident Response,2,1,Beginner
B.Tech ECE,1,Docker,3,0,Intermediate
B.Tech Data Science,3,OOP,2,4,Intermediate
B.Sc Statistics,4,Data Structures,2,3,Intermediate
BCA,1,SIEM,4,5,Advanced
M.Sc Data Science,4,Git,4,4,Advanced
B.Tech AI & ML,2,Cybersecurity,4,1,Advanced
BCA,4,Database Security,4,5,Advanced
B.Tech EEE,3,OOP,3,6,Advanced
B.Tech AI & ML,4,Linear Algebra,3,2,Intermediate
MCA,4,Excel,1,4,Beginner
B.Tech Civil,3,Linux,3,6,Advanced
B.Tech IT,4,Research,3,3,Intermediate
B.Tech EEE,1,Cybersecurity,5,0,Advanced
MBA,1,Transformers,3,0,Intermediate
M.Sc Statistics,4,Research,2,2,Intermediate
B.Tech CSE,2,Data Warehousing,1,6,Intermediate
B.Tech ECE,4,NumPy,1,4,Beginner
M.Sc Computer Science,2,OOP,2,1,Intermediate
M.Sc Statistics,2,Scikit-learn,1,0,Beginner
B.Tech IT,2,Tableau,2,2,Intermediate
MCA,1,MySQL,5,1,Advanced
B.Sc Statistics,1,Deep Learning,1,5,Intermediate
B.Com,3,Excel,1,2,Intermediate
B.Sc Mathematics,3,Linux,4,1,Intermediate
M.Sc Data Science,4,PostgreSQL,4,0,Intermediate
MCA,3,Linear Algebra,5,5,Advanced
B.Sc Mathematics,3,Calculus,3,6,Intermediate
M.Sc Statistics,3,SIEM,4,1,Advanced
B.Tech Data Science,2,MySQL,1,1,Beginner
B.Sc Computer Science,2,PostgreSQL,1,0,Beginner
B.Tech Civil,4,Linear Algebra,1,2,Beginner
B.Sc Computer Science,4,A/B Testing,1,0,Beginner
M.Sc Data Science,4,Transformers,3,3,Intermediate
M.Sc Statistics,4,Incident Response,4,2,Advanced
MBA,2,Data Warehousing,4,2,Intermediate
B.Tech Mechanical,3,A/B Testing,5,4,Advanced
M.Sc Computer Science,2,NLP,3,1,Intermediate
M.Sc Data Science,3,Machine Learning,5,2,Advanced
B.Sc Mathematics,3,Algorithms,4,0,Advanced
B.Tech Data Science,4,Excel,4,0,Intermediate
M.Sc Data Science,4,Communication,4,3,Advanced
B.Tech EEE,4,OOP,2,5,Intermediate
MBA,3,NumPy,1,6,Intermediate
B.Sc Data Science,2,Research,3,6,Advanced
B.Tech Mechanical,3,Web Security,1,4,Intermediate
BBA,1,Communication,4,5,Advanced
B.Sc Statistics,2,Python,2,3,Intermediate
MBA,4,System Design,1,0,Beginner
M.Tech,4,Business Analysis,5,3,Advanced
MCA,2,Networking,1,6,Beginner
B.Tech ECE,1,Docker,1,6,Intermediate
B.Tech ECE,1,Data Structures,5,6,Advanced
M.Tech,4,Excel,4,1,Advanced
BBA,4,Networking,3,4,Advanced
MBA,3,Algorithms,4,4,Advanced
B.Sc Computer Science,4,Git,2,0,Beginner
B.Tech Mechanical,3,OpenCV,5,1,Advanced
B.Sc Information Technology,4,Kubernetes,4,4,Advanced
MCA,2,Data Visualization,1,5,Intermediate
B.Tech Mechanical,1,OpenCV,5,6,Advanced
B.Tech EEE,4,PyTorch,4,4,Advanced
BCA,1,Communication,4,0,Intermediate
B.Tech IT,3,Tableau,5,1,Advanced
B.Com,4,Kubernetes,5,4,Advanced
B.Tech AI & ML,1,CI/CD,5,3,Advanced
B.Sc Information Technology,3,PostgreSQL,3,5,Advanced
B.Sc Information Technology,4,Scikit-learn,4,5,Advanced
B.Com,2,Cybersecurity,5,4,Advanced
BBA,3,Deep Learning,1,4,Beginner
B.Sc Data Science,3,Pandas,5,6,Advanced
B.Tech Mechanical,4,FastAPI,1,2,Beginner
B.Tech Civil,3,Incident Response,2,4,Intermediate
BCA,4,Calculus,5,4,Advanced
B.Tech AI & ML,1,Scikit-learn,4,0,Intermediate
B.Tech ECE,3,System Design,4,3,Intermediate
B.Tech Data Science,1,PyTorch,2,6,Intermediate
B.Sc Statistics,2,Research,2,4,Intermediate
MCA,4,System Design,2,6,Advanced
BBA,1,Scikit-learn,4,6,Advanced
MCA,2,Kubernetes,1,0,Beginner
B.Tech AI & ML,2,Research,4,1,Intermediate
BBA,2,CI/CD,5,1,Advanced
B.Tech EEE,2,Python,4,4,Advanced
B.Sc Mathematics,4,Web Security,1,3,Beginner
MCA,2,PyTorch,3,2,Intermediate
B.Sc Statistics,4,Data Structures,2,0,Beginner
BCA,3,Cybersecurity,1,6,Intermediate
M.Tech,3,ETL,1,6,Intermediate
B.Sc Computer Science,4,Deep Learning,1,2,Beginner
B.Tech IT,3,Tableau,3,2,Intermediate
B.Tech EEE,1,Database Security,2,5,Intermediate
M.Sc Statistics,4,Data Structures,5,1,Advanced
B.Tech Data Science,1,Terraform,5,0,Advanced
M.Sc Computer Science,2,ETL,4,6,Advanced
MBA,4,Pandas,2,6,Intermediate
B.Tech Civil,1,Terraform,5,1,Advanced
B.Sc Data Science,2,Docker,3,0,Intermediate
MBA,4,MySQL,1,2,Beginner
B.Com,3,Linear Algebra,4,0,Advanced
MBA,3,Web Security,2,3,Intermediate
B.Sc Information Technology,1,Machine Learning,2,3,Intermediate
M.Sc Computer Science,1,Excel,1,0,Beginner
M.Sc Data Science,1,Git,5,2,Advanced
M.Sc Computer Science,1,Docker,1,1,Beginner
B.Sc Computer Science,2,Scikit-learn,4,4,Advanced
BCA,2,Data Visualization,2,2,Intermediate
BBA,3,Database Administration,1,2,Beginner
B.Sc Statistics,3,Tableau,3,2,Advanced
B.Tech AI & ML,1,System Design,4,2,Advanced
B.Sc Computer Science,4,ETL,4,5,Advanced
B.Sc Mathematics,4,Data Warehousing,4,0,Intermediate
B.Tech EEE,3,Terraform,1,6,Intermediate
B.Tech AI & ML,1,Apache Spark,5,2,Advanced
B.Tech Mechanical,2,Apache Spark,1,5,Beginner
B.Sc Computer Science,3,Incident Response,1,6,Intermediate
B.Sc Data Science,3,Apache Spark,2,2,Intermediate
B.Tech Mechanical,1,FastAPI,5,4,Advanced
M.Sc Computer Science,1,OpenCV,3,1,Intermediate
B.Sc Data Science,4,PostgreSQL,1,3,Intermediate
M.Tech,4,Transformers,2,0,Intermediate
B.Sc Computer Science,4,Kubernetes,1,0,Intermediate
M.Tech,1,Scikit-learn,4,5,Advanced
B.Sc Data Science,2,REST API,3,2,Intermediate
B.Sc Information Technology,3,Excel,3,5,Intermediate
B.Tech Data Science,2,FastAPI,2,5,Intermediate
B.Tech IT,3,Power BI,1,6,Intermediate
M.Tech,2,Communication,3,1,Advanced
B.Tech Data Science,3,Computer Vision,3,4,Intermediate
BCA,2,Pandas,5,2,Advanced
B.Com,3,A/B Testing,1,5,Intermediate
B.Sc Information Technology,1,Python,1,5,Intermediate
B.Tech Civil,3,Cryptography,3,2,Intermediate
MCA,2,Data Warehousing,4,2,Intermediate
B.Sc Mathematics,3,Database Security,2,2,Intermediate
B.Tech EEE,4,CI/CD,3,4,Advanced
B.Tech Data Science,1,REST API,2,5,Intermediate
B.Tech IT,2,Machine Learning,3,1,Intermediate
BBA,2,Git,3,3,Advanced
BCA,4,Incident Response,2,4,Intermediate
M.Sc Statistics,1,PyTorch,4,1,Advanced
B.Tech Data Science,1,Cybersecurity,5,0,Advanced
B.Tech IT,4,Pandas,5,0,Advanced
B.Com,2,Linux,4,6,Advanced
B.Tech Mechanical,3,Kubernetes,1,5,Intermediate
B.Tech ECE,2,Python,2,2,Beginner
B.Tech IT,2,Git,3,0,Advanced
B.Sc Information Technology,1,Power BI,3,1,Intermediate
B.Tech EEE,1,ETL,3,1,Intermediate
M.Sc Data Science,2,Git,4,1,Intermediate
B.Tech Data Science,3,CI/CD,3,4,Intermediate
B.Sc Mathematics,2,Database Administration,3,1,Intermediate
B.Tech AI & ML,3,Linear Algebra,1,6,Intermediate
B.Com,3,Statistics,5,1,Advanced
M.Sc Statistics,2,Data Warehousing,3,4,Advanced
M.Sc Data Science,3,Computer Vision,2,6,Intermediate
B.Sc Information Technology,4,Algorithms,1,4,Intermediate
B.Sc Computer Science,1,Linux,2,0,Intermediate
B.Sc Data Science,3,Python,1,4,Beginner
B.Sc Mathematics,1,Business Analysis,3,2,Intermediate
M.Sc Statistics,2,PostgreSQL,4,2,Advanced
B.Sc Information Technology,1,Machine Learning,2,0,Intermediate
B.Tech IT,4,NLP,2,6,Intermediate
M.Sc Computer Science,3,System Design,4,6,Advanced
B.Sc Statistics,2,CI/CD,4,0,Intermediate
B.Tech IT,1,Deep Learning,5,2,Advanced
B.Tech Mechanical,2,Backup and Recovery,4,1,Intermediate
B.Tech Civil,3,Computer Vision,4,3,Advanced
M.Tech,2,PyTorch,3,3,Intermediate
M.Sc Computer Science,3,Data Warehousing,3,2,Intermediate
B.Tech AI & ML,2,Product Analytics,1,2,Beginner
B.Tech EEE,4,Docker,1,2,Beginner
B.Tech CSE,4,PostgreSQL,3,4,Advanced
B.Tech AI & ML,2,Kubernetes,3,1,Intermediate
M.Sc Computer Science,4,SQL,5,5,Advanced
B.Sc Mathematics,3,Database Security,3,0,Intermediate
M.Sc Data Science,3,Git,5,3,Advanced
B.Sc Computer Science,4,Linear Algebra,3,4,Advanced
B.Sc Data Science,1,Git,4,5,Advanced
B.Tech ECE,4,A/B Testing,3,6,Advanced
B.Tech ECE,3,Terraform,5,3,Advanced
B.Tech CSE,4,Algorithms,2,1,Intermediate
M.Sc Statistics,2,Cybersecurity,5,0,Advanced
B.Tech Civil,3,Product Analytics,3,5,Intermediate
B.Sc Mathematics,2,Database Security,1,6,Beginner
BCA,1,Computer Vision,4,2,Advanced
B.Tech Data Science,4,Computer Vision,4,2,Advanced
B.Sc Statistics,4,Python,2,4,Intermediate
B.Tech ECE,1,PyTorch,3,0,Intermediate
M.Sc Computer Science,4,Data Structures,1,4,Beginner
B.Tech Civil,4,Business Analysis,1,0,Beginner
B.Sc Data Science,3,FastAPI,4,6,Advanced
BBA,2,Linux,2,0,Intermediate
B.Sc Statistics,2,Scikit-learn,4,3,Advanced
B.Sc Information Technology,2,Statistics,4,6,Advanced
M.Tech,4,AWS,1,5,Intermediate
B.Tech EEE,4,Product Analytics,2,3,Intermediate
M.Sc Statistics,2,REST API,4,0,Intermediate
BCA,1,Computer Vision,4,5,Advanced
B.Tech ECE,4,Linear Algebra,1,6,Intermediate
M.Tech,1,Testing,4,1,Intermediate
BBA,2,Communication,2,3,Intermediate
M.Sc Data Science,1,Machine Learning,2,0,Beginner
B.Sc Statistics,2,Git,4,2,Advanced
B.Tech Civil,2,Communication,1,4,Intermediate
B.Tech EEE,2,PyTorch,3,2,Intermediate
B.Tech Data Science,3,MySQL,2,4,Intermediate
M.Sc Computer Science,3,Pandas,1,4,Beginner
MCA,2,Data Structures,2,4,Intermediate
B.Tech AI & ML,2,Data Warehousing,2,5,Intermediate
B.Sc Computer Science,2,FastAPI,3,5,Advanced
B.Tech Civil,2,Terraform,4,2,Advanced
BBA,4,Database Administration,1,3,Beginner
M.Tech,1,Docker,1,4,Beginner
B.Tech AI & ML,2,REST API,5,6,Advanced
M.Tech,1,Incident Response,1,4,Intermediate
M.Sc Data Science,4,Machine Learning,2,6,Intermediate
B.Sc Mathematics,1,OOP,5,2,Advanced
BCA,4,Git,5,4,Advanced
MCA,3,Machine Learning,5,4,Advanced
B.Tech Data Science,2,REST API,4,3,Advanced
B.Tech Data Science,4,Networking,5,1,Advanced
B.Sc Information Technology,3,Computer Vision,2,3,Intermediate
B.Sc Mathematics,1,Cybersecurity,1,1,Beginner
B.Sc Information Technology,2,REST API,5,4,Advanced
B.Tech CSE,4,Web Security,5,2,Advanced
B.Sc Data Science,3,Apache Spark,1,6,Intermediate
B.Tech Civil,1,Pandas,3,2,Intermediate
B.Tech Civil,2,OOP,3,2,Intermediate
B.Tech EEE,4,Tableau,3,2,Intermediate
B.Tech CSE,3,SIEM,5,4,Advanced
MCA,2,NLP,1,6,Intermediate
B.Sc Information Technology,3,Product Analytics,1,5,Intermediate
M.Sc Data Science,2,Research,5,6,Advanced
MCA,1,FastAPI,3,2,Intermediate
B.Sc Information Technology,2,Research,3,3,Advanced
BBA,3,Database Administration,2,1,Beginner
B.Tech CSE,1,AWS,1,1,Beginner
B.Tech Mechanical,4,Terraform,2,5,Intermediate
B.Sc Statistics,3,Power BI,2,2,Beginner
B.Sc Statistics,3,NumPy,1,4,Beginner
B.Tech ECE,3,SIEM,3,1,Intermediate
B.Tech AI & ML,4,Research,1,3,Intermediate
M.Sc Statistics,3,MySQL,4,6,Advanced
B.Com,4,Web Security,5,0,Advanced
B.Sc Computer Science,2,SQL,5,5,Advanced
B.Tech ECE,1,Transformers,4,1,Intermediate
MBA,3,OpenCV,4,2,Advanced
BCA,4,NLP,2,6,Intermediate
B.Tech EEE,4,Terraform,2,5,Intermediate
BBA,2,AWS,5,3,Advanced
M.Sc Data Science,1,Testing,4,4,Advanced
BCA,3,Networking,5,0,Intermediate
MCA,1,OpenCV,3,0,Intermediate
BBA,2,Algorithms,1,6,Intermediate
B.Tech IT,1,Statistics,4,0,Intermediate
B.Tech CSE,3,A/B Testing,2,3,Intermediate
B.Sc Statistics,3,Power BI,1,3,Beginner
BCA,3,PostgreSQL,1,2,Intermediate
B.Sc Data Science,2,Backup and Recovery,3,3,Intermediate
BCA,3,Scikit-learn,1,3,Beginner
B.Sc Computer Science,4,AWS,2,5,Intermediate
B.Tech Data Science,2,Research,1,4,Beginner
M.Sc Computer Science,3,PostgreSQL,5,4,Advanced
M.Sc Data Science,4,Incident Response,3,2,Intermediate
B.Tech Mechanical,2,AWS,4,2,Intermediate
MBA,1,Tableau,2,4,Intermediate
M.Tech,3,Data Visualization,2,6,Intermediate
B.Tech EEE,4,Incident Response,1,1,Beginner
MBA,1,Web Security,2,0,Beginner
B.Tech EEE,4,Tableau,3,4,Advanced
B.Tech Mechanical,4,MySQL,3,0,Beginner
B.Tech EEE,1,ETL,5,1,Advanced
M.Tech,3,Networking,5,5,Advanced
M.Sc Data Science,2,Excel,5,1,Advanced
B.Tech EEE,1,Database Administration,1,0,Beginner
MCA,1,Calculus,2,6,Intermediate
B.Tech CSE,4,Product Analytics,5,5,Advanced
B.Sc Computer Science,2,Kubernetes,3,6,Advanced
MBA,1,Product Analytics,3,5,Advanced
B.Tech EEE,1,Linux,4,5,Advanced
B.Sc Mathematics,3,Database Security,1,5,Intermediate
B.Tech AI & ML,4,MySQL,5,0,Advanced
M.Sc Statistics,2,Power BI,5,5,Advanced
MCA,4,Web Security,4,4,Advanced
BCA,2,Scikit-learn,2,4,Intermediate
B.Sc Mathematics,4,Communication,4,4,Advanced
B.Tech Data Science,2,Power BI,1,3,Beginner
B.Tech Civil,1,Testing,1,4,Intermediate
B.Sc Statistics,2,Terraform,3,4,Intermediate
B.Tech Mechanical,3,MySQL,4,5,Advanced
B.Sc Data Science,2,Kubernetes,3,6,Advanced
B.Tech IT,3,Terraform,1,1,Beginner
B.Sc Statistics,1,NumPy,5,2,Advanced
B.Sc Mathematics,1,Data Warehousing,1,0,Beginner
B.Sc Information Technology,2,Data Warehousing,3,2,Intermediate
M.Sc Statistics,2,Communication,5,5,Advanced
BCA,1,OpenCV,4,3,Advanced
BBA,4,ETL,3,0,Intermediate
B.Com,2,AWS,4,0,Intermediate
B.Sc Mathematics,2,A/B Testing,2,3,Intermediate
BCA,2,Terraform,1,1,Beginner
M.Sc Computer Science,1,CI/CD,4,3,Advanced
M.Sc Data Science,4,System Design,2,0,Beginner
B.Tech EEE,2,Cryptography,1,4,Intermediate
B.Tech IT,2,Linear Algebra,5,0,Advanced
B.Sc Information Technology,4,SIEM,3,3,Intermediate
B.Tech Data Science,2,Database Administration,5,1,Advanced
B.Tech ECE,3,Communication,4,4,Advanced
B.Tech Mechanical,4,Scikit-learn,3,3,Intermediate
B.Sc Information Technology,2,Calculus,3,4,Advanced
B.Tech Data Science,4,OpenCV,3,0,Intermediate
BCA,2,FastAPI,3,5,Advanced
B.Com,1,NLP,5,4,Advanced
B.Sc Mathematics,3,System Design,1,4,Beginner
B.Tech ECE,2,PyTorch,2,2,Beginner
B.Tech Data Science,2,CI/CD,2,1,Beginner
B.Sc Statistics,4,Research,3,6,Intermediate
B.Sc Computer Science,2,PyTorch,4,2,Advanced
B.Tech IT,4,Machine Learning,5,2,Advanced
B.Tech ECE,2,Backup and Recovery,3,5,Advanced
B.Tech Civil,2,Kubernetes,3,0,Intermediate
B.Tech Data Science,4,Terraform,3,0,Intermediate
M.Sc Computer Science,4,Product Analytics,1,6,Intermediate
M.Sc Statistics,2,NLP,2,6,Intermediate
BBA,4,FastAPI,2,2,Beginner
BBA,3,Computer Vision,1,4,Beginner
BCA,4,Scikit-learn,1,0,Beginner
M.Sc Statistics,2,Business Analysis,2,0,Beginner
B.Tech Data Science,2,Machine Learning,3,0,Intermediate
M.Tech,2,System Design,3,5,Intermediate
B.Sc Computer Science,1,Cybersecurity,5,6,Advanced
M.Sc Statistics,2,ETL,4,2,Advanced
M.Sc Computer Science,3,Cybersecurity,1,6,Intermediate
B.Sc Mathematics,1,Database Administration,5,1,Advanced
B.Tech EEE,2,A/B Testing,3,4,Intermediate
B.Sc Statistics,1,Docker,4,2,Advanced
B.Tech Data Science,2,Kubernetes,1,2,Beginner
B.Com,1,Product Analytics,4,3,Advanced
B.Tech EEE,1,AWS,3,0,Beginner
M.Tech,1,Kubernetes,4,4,Advanced
MBA,2,MySQL,4,1,Advanced
B.Sc Computer Science,1,Apache Spark,1,3,Beginner
B.Tech CSE,4,Computer Vision,1,4,Beginner
B.Tech CSE,1,Networking,1,0,Beginner
B.Tech ECE,2,System Design,5,6,Advanced
B.Sc Statistics,4,Cybersecurity,2,6,Advanced
MBA,1,Tableau,3,3,Intermediate
B.Tech ECE,1,Power BI,2,2,Intermediate
BCA,4,Cybersecurity,5,6,Advanced
B.Sc Statistics,2,FastAPI,5,0,Advanced
B.Tech Mechanical,2,CI/CD,4,4,Advanced
BBA,4,NLP,2,6,Advanced
M.Tech,4,SQL,2,2,Intermediate
MCA,1,Database Security,5,4,Advanced
M.Sc Computer Science,2,A/B Testing,4,1,Advanced
M.Sc Data Science,4,ETL,3,0,Intermediate
B.Sc Mathematics,1,Power BI,3,0,Intermediate
B.Sc Mathematics,4,Data Visualization,4,5,Advanced
B.Tech Civil,2,Transformers,2,4,Intermediate
B.Tech Data Science,3,Terraform,4,6,Advanced
MBA,1,NLP,4,4,Advanced
BBA,3,PostgreSQL,5,0,Advanced
B.Sc Information Technology,2,Cryptography,4,4,Advanced
B.Sc Information Technology,2,Scikit-learn,1,3,Beginner
BBA,4,Python,5,2,Advanced
B.Tech AI & ML,1,PostgreSQL,2,2,Intermediate
BBA,1,Deep Learning,1,1,Beginner
B.Com,3,Docker,4,4,Advanced
B.Tech Data Science,4,CI/CD,3,1,Intermediate
B.Sc Computer Science,2,Transformers,1,2,Beginner
B.Tech ECE,2,Kubernetes,2,1,Beginner
BCA,2,Data Visualization,1,3,Intermediate
BBA,1,Research,3,0,Intermediate
B.Sc Mathematics,2,Data Visualization,1,5,Intermediate
M.Sc Data Science,4,Power BI,1,2,Beginner
B.Sc Mathematics,3,FastAPI,4,2,Advanced
B.Sc Computer Science,2,REST API,5,3,Advanced
B.Sc Statistics,1,ETL,4,5,Advanced
M.Sc Statistics,2,Algorithms,2,1,Beginner
B.Tech EEE,4,A/B Testing,5,3,Advanced
B.Tech Data Science,4,Pandas,4,6,Advanced
B.Tech ECE,3,Incident Response,5,2,Advanced
M.Tech,1,Statistics,3,1,Intermediate
B.Tech EEE,4,Pandas,2,2,Intermediate
BCA,3,Networking,1,1,Beginner
M.Sc Computer Science,1,Statistics,5,0,Advanced
B.Tech EEE,3,Scikit-learn,1,6,Intermediate
B.Tech Mechanical,2,Data Warehousing,2,0,Beginner
B.Tech EEE,3,NLP,3,5,Advanced
B.Com,1,ETL,5,5,Advanced
B.Tech EEE,1,System Design,5,1,Advanced
M.Tech,3,Database Security,3,3,Intermediate
B.Tech Mechanical,1,Data Structures,3,4,Intermediate
B.Tech EEE,4,Incident Response,5,2,Advanced
BCA,3,Deep Learning,3,6,Advanced
B.Tech Mechanical,4,SIEM,2,1,Intermediate
M.Sc Statistics,4,Web Security,5,0,Advanced
B.Tech ECE,4,Statistics,5,1,Advanced
M.Tech,4,Kubernetes,3,1,Intermediate
B.Tech AI & ML,3,Data Warehousing,4,5,Advanced
B.Sc Statistics,3,Terraform,4,3,Advanced
B.Tech Mechanical,3,Apache Spark,3,6,Advanced
M.Sc Computer Science,3,Tableau,2,1,Beginner
M.Sc Data Science,2,Kubernetes,4,6,Advanced
B.Com,2,Linux,1,4,Beginner
B.Tech CSE,4,Tableau,4,6,Advanced
B.Sc Statistics,4,Statistics,5,1,Advanced
M.Sc Computer Science,1,OOP,5,0,Advanced
B.Tech IT,1,Git,1,1,Beginner
BCA,2,Networking,4,4,Advanced
B.Tech ECE,1,System Design,4,5,Advanced
M.Sc Statistics,2,NLP,2,5,Intermediate
B.Sc Statistics,2,Linux,5,4,Advanced
B.Sc Mathematics,1,Incident Response,1,5,Intermediate
M.Sc Statistics,2,Data Visualization,4,5,Advanced
M.Sc Data Science,4,Networking,5,2,Advanced
B.Sc Mathematics,1,Terraform,5,0,Advanced
BBA,1,Cybersecurity,4,0,Intermediate
B.Sc Data Science,4,Python,3,5,Advanced
B.Tech Data Science,2,Business Analysis,5,4,Advanced
MBA,1,Power BI,2,5,Intermediate
B.Tech AI & ML,3,Database Security,5,6,Advanced
B.Sc Statistics,3,Web Security,2,3,Intermediate
B.Sc Data Science,3,Research,1,5,Beginner
B.Sc Computer Science,4,Database Administration,5,4,Advanced
M.Sc Computer Science,1,Computer Vision,2,1,Intermediate
B.Tech IT,1,Cybersecurity,5,5,Advanced
BBA,4,MySQL,5,4,Advanced
MBA,4,FastAPI,5,0,Advanced
B.Tech Mechanical,1,Excel,2,3,Intermediate
B.Com,1,Linear Algebra,2,5,Intermediate
B.Tech EEE,3,Transformers,4,6,Advanced
B.Tech EEE,3,CI/CD,2,6,Intermediate
M.Tech,4,Kubernetes,4,4,Advanced
B.Tech Mechanical,1,MySQL,3,5,Advanced
B.Tech CSE,3,Research,5,6,Advanced
B.Com,4,REST API,1,6,Beginner
BBA,3,Database Administration,1,1,Beginner
BCA,2,Machine Learning,4,3,Advanced
B.Sc Mathematics,3,Algorithms,1,4,Intermediate
M.Sc Statistics,2,Database Security,4,3,Advanced
MCA,2,AWS,1,4,Beginner
BCA,1,ETL,3,1,Intermediate
M.Sc Data Science,2,Database Administration,4,0,Advanced
B.Tech Civil,3,A/B Testing,4,6,Advanced
B.Sc Statistics,4,ETL,2,1,Intermediate
MCA,1,Networking,3,5,Advanced
BBA,1,Power BI,4,0,Advanced
MCA,2,Backup and Recovery,1,6,Intermediate
M.Sc Data Science,3,SIEM,1,4,Intermediate
B.Com,2,Cybersecurity,1,4,Intermediate
B.Tech EEE,1,Linux,3,0,Intermediate
MCA,4,SQL,5,2,Advanced
M.Sc Computer Science,4,OOP,2,5,Intermediate
B.Sc Data Science,2,Product Analytics,3,0,Beginner
M.Sc Data Science,2,Database Security,4,0,Intermediate
B.Tech IT,3,Apache Spark,5,5,Advanced
M.Sc Statistics,3,Pandas,5,2,Advanced
B.Tech AI & ML,3,Database Administration,5,2,Advanced
M.Tech,1,System Design,1,4,Beginner
M.Tech,4,OpenCV,2,0,Beginner
B.Tech Mechanical,4,Computer Vision,1,5,Intermediate
B.Com,2,Data Structures,2,3,Intermediate
BBA,2,NLP,3,1,Intermediate
B.Sc Statistics,4,Database Security,3,3,Intermediate
M.Tech,4,Calculus,4,2,Advanced
B.Com,2,Docker,1,0,Beginner
M.Tech,1,Pandas,1,6,Intermediate
B.Sc Data Science,3,PostgreSQL,2,0,Beginner
B.Tech ECE,3,Kubernetes,2,4,Intermediate
B.Tech Data Science,4,Deep Learning,2,0,Beginner
M.Sc Data Science,3,SQL,1,0,Beginner
B.Tech Mechanical,4,NLP,4,6,Advanced
B.Sc Statistics,4,Calculus,5,2,Advanced
B.Tech IT,4,Database Administration,3,4,Advanced
B.Tech IT,4,CI/CD,1,1,Beginner
BCA,1,Business Analysis,5,0,Advanced
M.Sc Statistics,4,Networking,4,1,Advanced
M.Sc Computer Science,4,Calculus,4,6,Advanced
M.Tech,3,Terraform,4,1,Advanced
B.Sc Computer Science,3,Backup and Recovery,3,0,Intermediate
B.Tech Data Science,4,Deep Learning,3,2,Intermediate
B.Sc Information Technology,1,NLP,3,3,Advanced
B.Sc Computer Science,2,REST API,1,5,Intermediate
B.Tech EEE,3,Database Security,3,1,Beginner
B.Sc Statistics,1,Incident Response,1,2,Beginner
M.Sc Statistics,2,SIEM,2,1,Beginner
B.Tech EEE,2,REST API,5,6,Advanced
B.Tech Mechanical,4,Tableau,3,5,Intermediate
M.Tech,2,Backup and Recovery,1,3,Beginner
B.Sc Computer Science,2,Data Warehousing,2,6,Advanced
BBA,2,Business Analysis,5,2,Advanced
M.Sc Data Science,3,Calculus,5,4,Advanced
M.Sc Statistics,2,Python,2,3,Beginner
B.Tech IT,4,PyTorch,4,4,Advanced
BCA,3,REST API,1,4,Intermediate
B.Tech IT,4,Networking,4,3,Advanced
BCA,2,Deep Learning,4,0,Intermediate
B.Tech AI & ML,3,Backup and Recovery,2,3,Intermediate
B.Tech Data Science,2,Database Administration,4,3,Advanced
B.Sc Data Science,2,Cybersecurity,1,5,Intermediate
B.Sc Mathematics,4,FastAPI,2,4,Intermediate
B.Sc Data Science,2,OpenCV,1,1,Beginner
MCA,1,Apache Spark,3,6,Advanced
B.Tech Data Science,1,OpenCV,3,6,Advanced
M.Sc Computer Science,4,Linux,5,2,Advanced
B.Tech Civil,4,Machine Learning,3,0,Intermediate
B.Tech IT,3,A/B Testing,3,5,Intermediate
B.Tech IT,2,Power BI,3,4,Intermediate
B.Sc Information Technology,2,CI/CD,4,1,Advanced
B.Tech Data Science,1,Research,5,3,Advanced
B.Tech ECE,1,Algorithms,5,0,Advanced
B.Tech ECE,2,Power BI,2,2,Beginner
MBA,1,Apache Spark,2,0,Beginner
B.Tech EEE,2,Statistics,2,3,Intermediate
MCA,2,PostgreSQL,3,4,Intermediate
M.Sc Statistics,1,Testing,3,0,Intermediate
BCA,2,Incident Response,3,5,Intermediate
B.Tech ECE,3,Research,5,6,Advanced
B.Tech IT,4,NumPy,5,5,Advanced
B.Sc Information Technology,1,Pandas,3,1,Intermediate
B.Tech ECE,3,Cryptography,1,2,Beginner
B.Sc Information Technology,4,Tableau,5,4,Advanced
BBA,2,Transformers,1,1,Beginner
B.Tech IT,2,Linux,1,2,Beginner
B.Sc Data Science,3,System Design,5,6,Advanced
MCA,3,Networking,5,2,Advanced
B.Sc Information Technology,4,FastAPI,2,1,Intermediate
B.Sc Statistics,4,Git,1,5,Intermediate
B.Tech AI & ML,3,Deep Learning,3,2,Intermediate
B.Tech Civil,2,Networking,5,5,Advanced
B.Sc Computer Science,1,Business Analysis,3,0,Intermediate
B.Sc Computer Science,3,Product Analytics,2,2,Beginner
B.Tech Data Science,4,Research,1,2,Beginner
BBA,4,Tableau,4,6,Advanced
B.Tech ECE,4,Statistics,1,1,Beginner
B.Sc Computer Science,3,Research,4,3,Advanced
B.Sc Statistics,1,Research,2,2,Intermediate
MBA,2,Transformers,5,1,Advanced
M.Tech,1,ETL,3,6,Advanced
MCA,3,OOP,5,1,Advanced
B.Tech CSE,4,Cryptography,5,2,Advanced
M.Sc Data Science,1,Power BI,2,0,Beginner
M.Tech,3,Networking,2,0,Beginner
B.Tech CSE,2,Scikit-learn,2,6,Intermediate
B.Tech IT,1,Transformers,2,2,Beginner
B.Sc Computer Science,1,Business Analysis,3,3,Intermediate
M.Tech,1,OOP,3,6,Advanced
B.Sc Mathematics,1,CI/CD,2,1,Beginner
B.Tech Mechanical,1,Linux,1,2,Beginner
B.Tech AI & ML,1,Pandas,5,4,Advanced
M.Sc Data Science,2,A/B Testing,3,5,Advanced
B.Sc Statistics,1,Research,4,6,Advanced
B.Tech Civil,1,Business Analysis,2,5,Intermediate
B.Sc Computer Science,3,NLP,2,0,Intermediate
B.Tech Civil,1,System Design,4,4,Advanced
B.Sc Statistics,3,Incident Response,3,4,Advanced
B.Sc Computer Science,2,Deep Learning,1,5,Beginner
B.Tech ECE,2,Algorithms,2,2,Beginner
B.Tech AI & ML,4,System Design,5,5,Advanced
B.Tech CSE,3,Data Visualization,5,5,Advanced
BBA,2,Deep Learning,5,5,Advanced
B.Sc Mathematics,3,REST API,4,1,Intermediate
B.Sc Mathematics,3,Pandas,2,2,Intermediate
M.Sc Statistics,2,Incident Response,5,5,Advanced
B.Tech CSE,4,Calculus,1,4,Beginner
B.Tech CSE,2,System Design,5,0,Advanced
M.Sc Computer Science,4,Data Warehousing,2,6,Advanced
B.Tech Civil,2,Power BI,2,4,Intermediate
B.Tech Mechanical,3,A/B Testing,2,4,Intermediate
B.Sc Data Science,2,Testing,3,4,Advanced
M.Sc Statistics,2,Data Warehousing,1,6,Intermediate
B.Tech CSE,4,SQL,5,5,Advanced
BCA,1,Scikit-learn,2,3,Intermediate
M.Sc Data Science,1,Communication,3,0,Intermediate
B.Sc Data Science,2,MySQL,4,3,Advanced
B.Sc Statistics,1,Web Security,2,6,Intermediate
M.Sc Data Science,3,NLP,1,1,Beginner
M.Sc Statistics,4,Statistics,2,1,Intermediate
M.Sc Data Science,2,System Design,5,4,Advanced
B.Sc Data Science,3,Kubernetes,2,6,Intermediate
B.Sc Mathematics,1,Power BI,3,2,Intermediate
B.Sc Mathematics,3,CI/CD,2,1,Intermediate
B.Com,2,Communication,2,3,Intermediate
B.Tech ECE,3,Excel,1,5,Intermediate
M.Sc Data Science,4,Statistics,1,3,Beginner
BCA,3,Cybersecurity,1,1,Beginner
B.Tech Mechanical,1,Deep Learning,4,3,Advanced
B.Tech Mechanical,1,CI/CD,2,0,Beginner
B.Tech IT,3,Database Security,5,0,Advanced
B.Sc Data Science,2,Tableau,2,6,Advanced
M.Tech,4,Computer Vision,5,4,Advanced
B.Tech EEE,3,Networking,4,1,Advanced
MBA,4,Linux,2,6,Intermediate
B.Sc Mathematics,3,Database Security,5,5,Advanced
B.Tech Civil,3,Database Security,2,3,Intermediate
B.Tech ECE,2,Incident Response,5,5,Advanced
M.Sc Data Science,1,Testing,4,6,Advanced
B.Com,2,NLP,3,2,Intermediate
BBA,3,Data Visualization,4,2,Advanced
BCA,3,Linear Algebra,3,0,Intermediate
B.Tech Data Science,1,NLP,2,4,Intermediate
M.Sc Statistics,2,REST API,5,2,Advanced
MBA,2,Tableau,5,1,Advanced
B.Tech CSE,1,Business Analysis,1,5,Beginner
BCA,1,Business Analysis,3,0,Intermediate
B.Tech Mechanical,3,Data Structures,1,6,Intermediate
B.Tech AI & ML,1,Backup and Recovery,2,3,Intermediate
BCA,1,Linux,2,6,Advanced
B.Tech CSE,2,Testing,3,3,Intermediate
B.Sc Information Technology,2,Computer Vision,4,3,Advanced
B.Com,2,Linear Algebra,2,1,Beginner
B.Sc Mathematics,2,Python,1,0,Beginner
B.Sc Computer Science,4,Linear Algebra,2,4,Intermediate
MCA,4,PostgreSQL,4,2,Advanced
B.Sc Statistics,1,Data Structures,3,6,Advanced
M.Sc Statistics,2,A/B Testing,4,1,Advanced
M.Tech,2,NLP,5,4,Advanced
B.Sc Data Science,2,AWS,2,5,Intermediate
B.Sc Computer Science,1,Testing,1,5,Intermediate
M.Sc Computer Science,2,Testing,3,3,Intermediate
M.Sc Computer Science,1,MySQL,1,2,Beginner
M.Sc Computer Science,3,Data Structures,5,2,Advanced
B.Tech Mechanical,1,Apache Spark,3,2,Intermediate
B.Tech Civil,2,Backup and Recovery,5,2,Advanced
M.Tech,1,Apache Spark,4,4,Advanced
B.Sc Computer Science,2,Algorithms,4,3,Advanced
B.Tech Data Science,3,Backup and Recovery,3,5,Advanced
B.Sc Information Technology,4,Incident Response,2,4,Intermediate
M.Tech,1,Excel,4,4,Advanced
M.Sc Statistics,3,OpenCV,2,2,Beginner
B.Sc Mathematics,4,OOP,2,0,Intermediate
B.Sc Computer Science,2,Web Security,4,0,Intermediate
B.Sc Computer Science,3,Python,5,1,Advanced
B.Tech Mechanical,1,Backup and Recovery,2,3,Intermediate
B.Sc Information Technology,4,Communication,1,6,Intermediate
B.Tech Data Science,4,AWS,3,3,Intermediate
M.Sc Computer Science,2,Machine Learning,5,1,Advanced
B.Tech IT,4,Data Warehousing,4,5,Advanced
B.Tech Data Science,4,Excel,5,6,Advanced
M.Sc Data Science,2,Database Administration,3,3,Intermediate
B.Tech Data Science,2,Networking,5,2,Advanced
B.Tech EEE,1,PyTorch,2,3,Beginner
BCA,1,FastAPI,1,0,Beginner
B.Sc Data Science,2,SQL,1,4,Beginner
MCA,4,Docker,4,5,Advanced
B.Tech Civil,3,FastAPI,1,5,Intermediate
B.Sc Computer Science,2,FastAPI,2,1,Intermediate
B.Tech IT,1,Power BI,5,4,Advanced
B.Tech AI & ML,2,OpenCV,5,3,Advanced
BCA,1,Python,5,6,Advanced
B.Sc Mathematics,2,Calculus,1,2,Intermediate
B.Tech Civil,1,Database Security,3,4,Intermediate
MBA,1,Backup and Recovery,3,6,Advanced
MBA,4,Backup and Recovery,2,2,Intermediate
M.Sc Statistics,2,Linear Algebra,2,3,Intermediate
B.Tech Civil,2,Docker,1,6,Beginner
M.Tech,4,NLP,5,3,Advanced
B.Tech ECE,4,PyTorch,3,1,Intermediate
M.Sc Statistics,4,Research,4,3,Advanced
B.Tech IT,3,Docker,5,3,Advanced
B.Tech ECE,4,Docker,1,0,Beginner
B.Tech Civil,2,MySQL,3,5,Advanced
BCA,1,NumPy,5,1,Advanced
M.Sc Computer Science,4,Linux,1,4,Intermediate
B.Com,4,Calculus,1,6,Intermediate
M.Sc Statistics,1,CI/CD,4,4,Advanced
B.Sc Information Technology,2,PyTorch,4,5,Advanced
B.Sc Mathematics,1,Linear Algebra,2,1,Intermediate
B.Tech Mechanical,1,Algorithms,2,1,Intermediate
B.Tech EEE,3,NLP,1,0,Beginner
MCA,4,SIEM,1,1,Beginner
B.Sc Statistics,3,Statistics,3,3,Intermediate
BBA,3,Testing,1,2,Beginner
B.Sc Mathematics,1,Git,5,3,Advanced
M.Sc Data Science,1,Computer Vision,5,4,Advanced
MBA,4,Linux,3,0,Intermediate
BBA,3,ETL,3,4,Advanced
B.Tech Mechanical,4,Kubernetes,3,4,Advanced
BBA,3,SIEM,4,4,Advanced
M.Sc Computer Science,2,NLP,3,6,Advanced
B.Sc Mathematics,3,Testing,1,4,Beginner
M.Sc Computer Science,1,SQL,3,2,Advanced
M.Tech,4,ETL,4,1,Advanced
B.Tech Data Science,4,SQL,4,2,Advanced
MBA,1,Power BI,3,6,Advanced
B.Tech Civil,3,Data Visualization,1,5,Intermediate
M.Sc Data Science,1,Testing,3,1,Intermediate
B.Sc Computer Science,1,NumPy,5,4,Advanced
B.Com,4,Testing,5,5,Advanced
B.Tech AI & ML,1,SIEM,5,4,Advanced
B.Tech Civil,2,Data Warehousing,2,6,Advanced
M.Sc Computer Science,2,OpenCV,5,4,Advanced
B.Tech Civil,1,Kubernetes,3,2,Intermediate
MBA,3,Data Visualization,5,6,Advanced
B.Tech CSE,3,PyTorch,3,0,Intermediate
B.Sc Statistics,1,Kubernetes,3,6,Advanced
B.Com,3,Power BI,3,5,Advanced
B.Sc Statistics,2,FastAPI,5,0,Advanced
B.Tech Data Science,4,Scikit-learn,1,6,Beginner
M.Sc Data Science,1,Cybersecurity,1,6,Intermediate
BCA,4,Computer Vision,3,5,Advanced
B.Tech Mechanical,2,Data Structures,4,6,Advanced
B.Sc Data Science,1,OpenCV,2,4,Intermediate
B.Sc Computer Science,4,Transformers,3,5,Advanced
B.Sc Information Technology,4,Excel,1,0,Beginner
M.Sc Computer Science,4,AWS,3,6,Advanced
M.Tech,2,Statistics,1,6,Intermediate
BCA,1,Database Security,4,3,Advanced
B.Tech IT,2,A/B Testing,4,6,Advanced
